run_accession	arm	bioproject	sample_accession	role	rank	library_layout	instrument_platform	library_strategy	base_count	read_count
SRR13348579	tanzania	PRJNA686265	SAMN17127127	primary	1	PAIRED	ILLUMINA	WGS	9952581838	32955569
SRR13348648	tanzania	PRJNA686265	SAMN17127064	primary	2	PAIRED	ILLUMINA	WGS	8824614858	29220579
SRR13348823	tanzania	PRJNA686265	SAMN17127195	primary	3	PAIRED	ILLUMINA	WGS	7947603838	26316569
SRR13348569	tanzania	PRJNA686265	SAMN17127136	primary	4	PAIRED	ILLUMINA	WGS	7876138256	26079928
SRR13348570	tanzania	PRJNA686265	SAMN17127135	primary	5	PAIRED	ILLUMINA	WGS	7806804190	25850345
SRR13348806	tanzania	PRJNA686265	SAMN17127210	primary	6	PAIRED	ILLUMINA	WGS	7804236284	25841842
SRR13348882	tanzania	PRJNA686265	SAMN17127142	primary	7	PAIRED	ILLUMINA	WGS	7799354152	25825676
SRR13348849	tanzania	PRJNA686265	SAMN17127171	primary	8	PAIRED	ILLUMINA	WGS	7508651066	24863083
SRR13348789	tanzania	PRJNA686265	SAMN17127226	primary	9	PAIRED	ILLUMINA	WGS	7179798736	23774168
SRR13348616	tanzania	PRJNA686265	SAMN17127093	primary	10	PAIRED	ILLUMINA	WGS	7179690620	23773810
SRR13348815	tanzania	PRJNA686265	SAMN17127202	primary	11	PAIRED	ILLUMINA	WGS	7162335888	23716344
SRR13348592	tanzania	PRJNA686265	SAMN17127115	primary	12	PAIRED	ILLUMINA	WGS	7160064848	23708824
SRR13348851	tanzania	PRJNA686265	SAMN17127169	primary	13	PAIRED	ILLUMINA	WGS	7084084064	23457232
SRR13348734	tanzania	PRJNA686265	SAMN17126952	primary	14	PAIRED	ILLUMINA	WGS	7077980644	23437022
SRR13348697	tanzania	PRJNA686265	SAMN17127021	primary	15	PAIRED	ILLUMINA	WGS	6987277058	23136679
SRR13348726	tanzania	PRJNA686265	SAMN17126995	primary	16	PAIRED	ILLUMINA	WGS	6960864440	23049220
SRR13348699	tanzania	PRJNA686265	SAMN17127019	primary	17	PAIRED	ILLUMINA	WGS	6920434492	22915346
SRR13348676	tanzania	PRJNA686265	SAMN17127040	primary	18	PAIRED	ILLUMINA	WGS	6906328676	22868638
SRR13348571	tanzania	PRJNA686265	SAMN17127134	primary	19	PAIRED	ILLUMINA	WGS	6870047000	22748500
SRR13348732	tanzania	PRJNA686265	SAMN17126989	primary	20	PAIRED	ILLUMINA	WGS	6868181546	22742323
SRR13348860	tanzania	PRJNA686265	SAMN17127161	reserve	21	PAIRED	ILLUMINA	WGS	6861406780	22719890
SRR13348847	tanzania	PRJNA686265	SAMN17127173	reserve	22	PAIRED	ILLUMINA	WGS	6821620998	22588149
SRR13348844	tanzania	PRJNA686265	SAMN17127176	reserve	23	PAIRED	ILLUMINA	WGS	6774930288	22433544
SRR13348770	tanzania	PRJNA686265	SAMN17127243	reserve	24	PAIRED	ILLUMINA	WGS	6745941912	22337556
SRR13348581	tanzania	PRJNA686265	SAMN17127125	reserve	25	PAIRED	ILLUMINA	WGS	6718120162	22245431
SRR13348741	tanzania	PRJNA686265	SAMN17126981	reserve	26	PAIRED	ILLUMINA	WGS	6703951832	22198516
SRR13348740	tanzania	PRJNA686265	SAMN17126982	reserve	27	PAIRED	ILLUMINA	WGS	6667585898	22078099
SRR13348871	tanzania	PRJNA686265	SAMN17127151	reserve	28	PAIRED	ILLUMINA	WGS	6625885436	21940018
SRR13348608	tanzania	PRJNA686265	SAMN17127100	reserve	29	PAIRED	ILLUMINA	WGS	6620858042	21923371
SRR13348767	tanzania	PRJNA686265	SAMN17127246	reserve	30	PAIRED	ILLUMINA	WGS	6586437894	21809397
SRR5127734	netherlands	PRJNA319574	SAMN06110293	primary	1	PAIRED	ILLUMINA	WGS	6797485175	34173526
SRR5127631	netherlands	PRJNA319574	SAMN06110206	primary	2	PAIRED	ILLUMINA	WGS	6249989854	31583139
SRR5127544	netherlands	PRJNA319574	SAMN06110260	primary	3	PAIRED	ILLUMINA	WGS	6192459014	31360694
SRR5127666	netherlands	PRJNA319574	SAMN06110284	primary	4	PAIRED	ILLUMINA	WGS	6164028918	31378467
SRR5127502	netherlands	PRJNA319574	SAMN06110181	primary	5	PAIRED	ILLUMINA	WGS	6137088755	30808965
SRR5127724	netherlands	PRJNA319574	SAMN06110084	primary	6	PAIRED	ILLUMINA	WGS	6082866779	30968742
SRR5127422	netherlands	PRJNA319574	SAMN06110367	primary	7	PAIRED	ILLUMINA	WGS	5960423317	29970764
SRR5127662	netherlands	PRJNA319574	SAMN06110265	primary	8	PAIRED	ILLUMINA	WGS	5891878578	29764807
SRR5127853	netherlands	PRJNA319574	SAMN06110103	primary	9	PAIRED	ILLUMINA	WGS	5785225622	29056369
SRR5127608	netherlands	PRJNA319574	SAMN06110085	primary	10	PAIRED	ILLUMINA	WGS	5392734239	27475081
SRR5127721	netherlands	PRJNA319574	SAMN06110281	primary	11	PAIRED	ILLUMINA	WGS	5206635763	26202315
SRR5127571	netherlands	PRJNA319574	SAMN06110320	primary	12	PAIRED	ILLUMINA	WGS	5156130677	25937922
SRR5127833	netherlands	PRJNA319574	SAMN06110184	primary	13	PAIRED	ILLUMINA	WGS	5057639234	25898383
SRR5127754	netherlands	PRJNA319574	SAMN06110413	primary	14	PAIRED	ILLUMINA	WGS	5051260031	25373328
SRR5127528	netherlands	PRJNA319574	SAMN06110286	primary	15	PAIRED	ILLUMINA	WGS	4899094545	24636048
SRR5127751	netherlands	PRJNA319574	SAMN06110433	primary	16	PAIRED	ILLUMINA	WGS	4815730610	24156974
SRR5127649	netherlands	PRJNA319574	SAMN06110200	primary	17	PAIRED	ILLUMINA	WGS	4801518237	24333087
SRR5127599	netherlands	PRJNA319574	SAMN06110197	primary	18	PAIRED	ILLUMINA	WGS	4791396192	24024102
SRR5127796	netherlands	PRJNA319574	SAMN06110363	primary	19	PAIRED	ILLUMINA	WGS	4737151277	23821389
SRR5127530	netherlands	PRJNA319574	SAMN06110324	primary	20	PAIRED	ILLUMINA	WGS	4712994106	23683354
SRR5127623	netherlands	PRJNA319574	SAMN06110313	reserve	21	PAIRED	ILLUMINA	WGS	4648847726	23315143
SRR5127543	netherlands	PRJNA319574	SAMN06110373	reserve	22	PAIRED	ILLUMINA	WGS	4635605474	23281655
SRR5127435	netherlands	PRJNA319574	SAMN06110261	reserve	23	PAIRED	ILLUMINA	WGS	4627794428	23610511
SRR5127658	netherlands	PRJNA319574	SAMN06110110	reserve	24	PAIRED	ILLUMINA	WGS	4598503162	23066604
SRR5127718	netherlands	PRJNA319574	SAMN06110212	reserve	25	PAIRED	ILLUMINA	WGS	4576625655	23209127
SRR5127552	netherlands	PRJNA319574	SAMN06110170	reserve	26	PAIRED	ILLUMINA	WGS	4560239392	22940140
SRR5127499	netherlands	PRJNA319574	SAMN06110319	reserve	27	PAIRED	ILLUMINA	WGS	4515508444	22826668
SRR5127437	netherlands	PRJNA319574	SAMN06110076	reserve	28	PAIRED	ILLUMINA	WGS	4510640421	22988121
SRR5127772	netherlands	PRJNA319574	SAMN06110326	reserve	29	PAIRED	ILLUMINA	WGS	4508658816	22805012
SRR5127567	netherlands	PRJNA319574	SAMN06110082	reserve	30	PAIRED	ILLUMINA	WGS	4419364906	22239583
