target,split,subset,feature_group,n_feats,model,n_train,n_test,pos_rate_test,AUROC,AUPRC,F1,balACC,ECE
y_high_I2,split_variant,associated,FST,1,logreg,29805,6340,0.2968,0.5716,0.3295,0.3674,0.5354,0.2014
y_high_I2,split_variant,associated,FST,1,hgb,29805,6340,0.2968,0.6034,0.3702,0.0000,0.5000,0.0131
y_high_I2,split_variant,associated,AF,19,logreg,29805,6340,0.2968,0.6368,0.4161,0.4681,0.5913,0.1902
y_high_I2,split_variant,associated,AF,19,hgb,29805,6340,0.2968,0.8168,0.6993,0.5275,0.6755,0.0401
y_high_I2,split_variant,associated,LD,9,logreg,29805,6340,0.2968,0.6368,0.3954,0.4919,0.6013,0.1918
y_high_I2,split_variant,associated,LD,9,hgb,29805,6340,0.2968,0.7951,0.6770,0.5033,0.6638,0.0344
y_high_I2,split_variant,associated,SEL,22,logreg,29805,6340,0.2968,0.6295,0.4180,0.4486,0.5885,0.1909
y_high_I2,split_variant,associated,SEL,22,hgb,29805,6340,0.2968,0.8192,0.7018,0.5146,0.6695,0.0360
y_high_I2,split_variant,associated,AF_LD,28,logreg,29805,6340,0.2968,0.6540,0.4513,0.4895,0.6133,0.1877
y_high_I2,split_variant,associated,AF_LD,28,hgb,29805,6340,0.2968,0.8354,0.7315,0.5621,0.6939,0.0440
y_high_I2,split_variant,associated,AF_SEL,41,logreg,29805,6340,0.2968,0.6604,0.4580,0.4881,0.6144,0.1866
y_high_I2,split_variant,associated,AF_SEL,41,hgb,29805,6340,0.2968,0.8338,0.7225,0.5534,0.6892,0.0414
y_high_I2,split_variant,associated,LD_SEL,31,logreg,29805,6340,0.2968,0.6588,0.4516,0.4996,0.6239,0.1865
y_high_I2,split_variant,associated,LD_SEL,31,hgb,29805,6340,0.2968,0.8355,0.7311,0.5677,0.6968,0.0418
y_high_I2,split_variant,associated,AF_LD_SEL,50,logreg,29805,6340,0.2968,0.6730,0.4773,0.5031,0.6274,0.1848
y_high_I2,split_variant,associated,AF_LD_SEL,50,hgb,29805,6340,0.2968,0.8470,0.7445,0.5789,0.7030,0.0466
