target,split,subset,feature_group,n_feats,model,pearson_r,spearman_rho,RMSE,MAE
I2,split_variant,associated,FST,1,ridge,0.0785,0.1512,0.2544,0.2191
I2,split_variant,associated,FST,1,hgb,0.1714,0.1743,0.2514,0.2145
I2,split_variant,associated,AF,19,ridge,0.2393,0.2372,0.2478,0.2105
I2,split_variant,associated,AF,19,hgb,0.5225,0.4613,0.2204,0.1839
I2,split_variant,associated,LD,9,ridge,0.2258,0.2417,0.2486,0.2110
I2,split_variant,associated,LD,9,hgb,0.5050,0.4495,0.2223,0.1845
I2,split_variant,associated,SEL,22,ridge,0.2372,0.2416,0.2479,0.2107
I2,split_variant,associated,SEL,22,hgb,0.5397,0.4724,0.2176,0.1821
I2,split_variant,associated,AF_LD,28,ridge,0.2582,0.2507,0.2466,0.2089
I2,split_variant,associated,AF_LD,28,hgb,0.5712,0.5083,0.2122,0.1748
I2,split_variant,associated,AF_SEL,41,ridge,0.2580,0.2551,0.2466,0.2090
I2,split_variant,associated,AF_SEL,41,hgb,0.5695,0.4970,0.2128,0.1771
I2,split_variant,associated,LD_SEL,31,ridge,0.2611,0.2576,0.2464,0.2085
I2,split_variant,associated,LD_SEL,31,hgb,0.5804,0.5124,0.2106,0.1741
I2,split_variant,associated,AF_LD_SEL,50,ridge,0.2734,0.2653,0.2455,0.2076
I2,split_variant,associated,AF_LD_SEL,50,hgb,0.5960,0.5267,0.2078,0.1711
