pgs_id,mode,metric,value,baseline_value,reduction,claim,matched_random_mode
PGS000018,flag,mean_abs_delta_EUR,0.798195,0.798195,0,ancestry_mean_separation_not_portability,
PGS000018,flag,weight_mass_retained,1,,,,
PGS000018,flag,variant_frac_retained,1,,,,
PGS000018,flag,score_var_retained_AFR,1,,,,
PGS000018,flag,score_var_retained_AMR,1,,,,
PGS000018,flag,score_var_retained_EAS,1,,,,
PGS000018,flag,score_var_retained_EUR,1,,,,
PGS000018,flag,score_var_retained_SAS,1,,,,
PGS000018,flag,corr_edited_original_AFR,1,,,,
PGS000018,flag,corr_edited_original_AMR,1,,,,
PGS000018,flag,corr_edited_original_EAS,1,,,,
PGS000018,flag,corr_edited_original_EUR,1,,,,
PGS000018,flag,corr_edited_original_SAS,1,,,,
PGS004696,flag,mean_abs_delta_EUR,0.848247,0.848247,0,ancestry_mean_separation_not_portability,
PGS004696,flag,weight_mass_retained,1,,,,
PGS004696,flag,variant_frac_retained,1,,,,
PGS004696,flag,score_var_retained_AFR,1,,,,
PGS004696,flag,score_var_retained_AMR,1,,,,
PGS004696,flag,score_var_retained_EAS,1,,,,
PGS004696,flag,score_var_retained_EUR,1,,,,
PGS004696,flag,score_var_retained_SAS,1,,,,
PGS004696,flag,corr_edited_original_AFR,1,,,,
PGS004696,flag,corr_edited_original_AMR,1,,,,
PGS004696,flag,corr_edited_original_EAS,1,,,,
PGS004696,flag,corr_edited_original_EUR,1,,,,
PGS004696,flag,corr_edited_original_SAS,1,,,,
PGS004698,flag,mean_abs_delta_EUR,56.2638,56.0166,-0.24714,ancestry_mean_separation_not_portability,
PGS004698,flag,weight_mass_retained,0.999996,,,,
PGS004698,flag,variant_frac_retained,0.999998,,,,
PGS004698,flag,score_var_retained_AFR,0.993559,,,,
PGS004698,flag,score_var_retained_AMR,1.06684,,,,
PGS004698,flag,score_var_retained_EAS,1.03414,,,,
PGS004698,flag,score_var_retained_EUR,1.04973,,,,
PGS004698,flag,score_var_retained_SAS,1.04356,,,,
PGS004698,flag,corr_edited_original_AFR,0.98913,,,,
PGS004698,flag,corr_edited_original_AMR,0.993834,,,,
PGS004698,flag,corr_edited_original_EAS,0.985488,,,,
PGS004698,flag,corr_edited_original_EUR,0.982849,,,,
PGS004698,flag,corr_edited_original_SAS,0.985398,,,,
PGS003897,flag,mean_abs_delta_EUR,0.388864,0.388864,0,ancestry_mean_separation_not_portability,
PGS003897,flag,weight_mass_retained,1,,,,
PGS003897,flag,variant_frac_retained,1,,,,
PGS003897,flag,score_var_retained_AFR,1,,,,
PGS003897,flag,score_var_retained_AMR,1,,,,
PGS003897,flag,score_var_retained_EAS,1,,,,
PGS003897,flag,score_var_retained_EUR,1,,,,
PGS003897,flag,score_var_retained_SAS,1,,,,
PGS003897,flag,corr_edited_original_AFR,1,,,,
PGS003897,flag,corr_edited_original_AMR,1,,,,
PGS003897,flag,corr_edited_original_EAS,1,,,,
PGS003897,flag,corr_edited_original_EUR,1,,,,
PGS003897,flag,corr_edited_original_SAS,1,,,,
PGS002853,flag,mean_abs_delta_EUR,0.0760014,0.0760014,0,ancestry_mean_separation_not_portability,
PGS002853,flag,weight_mass_retained,1,,,,
PGS002853,flag,variant_frac_retained,1,,,,
PGS002853,flag,score_var_retained_AFR,1,,,,
PGS002853,flag,score_var_retained_AMR,1,,,,
PGS002853,flag,score_var_retained_EAS,1,,,,
PGS002853,flag,score_var_retained_EUR,1,,,,
PGS002853,flag,score_var_retained_SAS,1,,,,
PGS002853,flag,corr_edited_original_AFR,1,,,,
PGS002853,flag,corr_edited_original_AMR,1,,,,
PGS002853,flag,corr_edited_original_EAS,1,,,,
PGS002853,flag,corr_edited_original_EUR,1,,,,
PGS002853,flag,corr_edited_original_SAS,1,,,,
PGS000191,fst,mean_abs_delta_EUR,0.19404,0.184472,-0.00956778,ancestry_mean_separation_not_portability,
PGS000191,fst,weight_mass_retained,0.913626,,,,
PGS000191,fst,variant_frac_retained,0.901163,,,,
PGS000191,fst,score_var_retained_AFR,0.951976,,,,
PGS000191,fst,score_var_retained_AMR,0.957115,,,,
PGS000191,fst,score_var_retained_EAS,0.957656,,,,
PGS000191,fst,score_var_retained_EUR,0.887347,,,,
PGS000191,fst,score_var_retained_SAS,0.884062,,,,
PGS000191,fst,corr_edited_original_AFR,0.952224,,,,
PGS000191,fst,corr_edited_original_AMR,0.952019,,,,
PGS000191,fst,corr_edited_original_EAS,0.965042,,,,
PGS000191,fst,corr_edited_original_EUR,0.962676,,,,
PGS000191,fst,corr_edited_original_SAS,0.957829,,,,
PGS004133,fst,mean_abs_delta_EUR,0.370799,0.559182,0.188382,ancestry_mean_separation_not_portability,
PGS004133,fst,weight_mass_retained,0.894361,,,,
PGS004133,fst,variant_frac_retained,0.901316,,,,
PGS004133,fst,score_var_retained_AFR,0.767139,,,,
PGS004133,fst,score_var_retained_AMR,0.742614,,,,
PGS004133,fst,score_var_retained_EAS,0.833322,,,,
PGS004133,fst,score_var_retained_EUR,0.840061,,,,
PGS004133,fst,score_var_retained_SAS,0.866563,,,,
PGS004133,fst,corr_edited_original_AFR,0.861463,,,,
PGS004133,fst,corr_edited_original_AMR,0.953887,,,,
PGS004133,fst,corr_edited_original_EAS,0.969771,,,,
PGS004133,fst,corr_edited_original_EUR,0.961525,,,,
PGS004133,fst,corr_edited_original_SAS,0.95887,,,,
PGS001288,fst,mean_abs_delta_EUR,0.0696692,0.096028,0.0263588,ancestry_mean_separation_not_portability,
PGS001288,fst,weight_mass_retained,0.910708,,,,
PGS001288,fst,variant_frac_retained,0.90184,,,,
PGS001288,fst,score_var_retained_AFR,0.95261,,,,
PGS001288,fst,score_var_retained_AMR,0.865201,,,,
PGS001288,fst,score_var_retained_EAS,0.985294,,,,
PGS001288,fst,score_var_retained_EUR,0.88121,,,,
PGS001288,fst,score_var_retained_SAS,0.911206,,,,
PGS001288,fst,corr_edited_original_AFR,0.983336,,,,
PGS001288,fst,corr_edited_original_AMR,0.955981,,,,
PGS001288,fst,corr_edited_original_EAS,0.992413,,,,
PGS001288,fst,corr_edited_original_EUR,0.951121,,,,
PGS001288,fst,corr_edited_original_SAS,0.974444,,,,
PGS000191,maf,mean_abs_delta_EUR,0.143,0.184472,0.0414727,ancestry_mean_separation_not_portability,
PGS000191,maf,weight_mass_retained,0.796654,,,,
PGS000191,maf,variant_frac_retained,0.901163,,,,
PGS000191,maf,score_var_retained_AFR,0.880986,,,,
PGS000191,maf,score_var_retained_AMR,0.938937,,,,
PGS000191,maf,score_var_retained_EAS,0.964463,,,,
PGS000191,maf,score_var_retained_EUR,0.937874,,,,
PGS000191,maf,score_var_retained_SAS,0.927769,,,,
PGS000191,maf,corr_edited_original_AFR,0.940574,,,,
PGS000191,maf,corr_edited_original_AMR,0.968944,,,,
PGS000191,maf,corr_edited_original_EAS,0.970533,,,,
PGS000191,maf,corr_edited_original_EUR,0.969789,,,,
PGS000191,maf,corr_edited_original_SAS,0.97664,,,,
PGS004133,maf,mean_abs_delta_EUR,0.358503,0.559182,0.200679,ancestry_mean_separation_not_portability,
PGS004133,maf,weight_mass_retained,0.814741,,,,
PGS004133,maf,variant_frac_retained,0.901316,,,,
PGS004133,maf,score_var_retained_AFR,0.716328,,,,
PGS004133,maf,score_var_retained_AMR,0.777565,,,,
PGS004133,maf,score_var_retained_EAS,0.747719,,,,
PGS004133,maf,score_var_retained_EUR,0.896692,,,,
PGS004133,maf,score_var_retained_SAS,0.867365,,,,
PGS004133,maf,corr_edited_original_AFR,0.851236,,,,
PGS004133,maf,corr_edited_original_AMR,0.959465,,,,
PGS004133,maf,corr_edited_original_EAS,0.944809,,,,
PGS004133,maf,corr_edited_original_EUR,0.972465,,,,
PGS004133,maf,corr_edited_original_SAS,0.966515,,,,
PGS001288,maf,mean_abs_delta_EUR,0.0987753,0.096028,-0.00274733,ancestry_mean_separation_not_portability,
PGS001288,maf,weight_mass_retained,0.809427,,,,
PGS001288,maf,variant_frac_retained,0.90184,,,,
PGS001288,maf,score_var_retained_AFR,0.896354,,,,
PGS001288,maf,score_var_retained_AMR,0.866589,,,,
PGS001288,maf,score_var_retained_EAS,0.889249,,,,
PGS001288,maf,score_var_retained_EUR,0.799532,,,,
PGS001288,maf,score_var_retained_SAS,0.822971,,,,
PGS001288,maf,corr_edited_original_AFR,0.945095,,,,
PGS001288,maf,corr_edited_original_AMR,0.930613,,,,
PGS001288,maf,corr_edited_original_EAS,0.950253,,,,
PGS001288,maf,corr_edited_original_EUR,0.931169,,,,
PGS001288,maf,corr_edited_original_SAS,0.943444,,,,
PGS000191,filter_10,mean_abs_delta_EUR,0.202048,0.184472,-0.0175756,ancestry_mean_separation_not_portability,
PGS000191,filter_10,weight_mass_retained,0.885728,,,,
PGS000191,filter_10,variant_frac_retained,0.901163,,,,
PGS000191,filter_10,score_var_retained_AFR,0.908996,,,,
PGS000191,filter_10,score_var_retained_AMR,0.926891,,,,
PGS000191,filter_10,score_var_retained_EAS,0.931161,,,,
PGS000191,filter_10,score_var_retained_EUR,0.920915,,,,
PGS000191,filter_10,score_var_retained_SAS,0.896884,,,,
PGS000191,filter_10,corr_edited_original_AFR,0.935047,,,,
PGS000191,filter_10,corr_edited_original_AMR,0.964388,,,,
PGS000191,filter_10,corr_edited_original_EAS,0.971086,,,,
PGS000191,filter_10,corr_edited_original_EUR,0.962062,,,,
PGS000191,filter_10,corr_edited_original_SAS,0.963993,,,,
PGS004133,filter_10,mean_abs_delta_EUR,0.482642,0.559182,0.0765393,ancestry_mean_separation_not_portability,
PGS004133,filter_10,weight_mass_retained,0.884688,,,,
PGS004133,filter_10,variant_frac_retained,0.901316,,,,
PGS004133,filter_10,score_var_retained_AFR,0.93233,,,,
PGS004133,filter_10,score_var_retained_AMR,0.879396,,,,
PGS004133,filter_10,score_var_retained_EAS,0.932243,,,,
PGS004133,filter_10,score_var_retained_EUR,0.796735,,,,
PGS004133,filter_10,score_var_retained_SAS,0.909842,,,,
PGS004133,filter_10,corr_edited_original_AFR,0.956085,,,,
PGS004133,filter_10,corr_edited_original_AMR,0.952951,,,,
PGS004133,filter_10,corr_edited_original_EAS,0.976266,,,,
PGS004133,filter_10,corr_edited_original_EUR,0.898844,,,,
PGS004133,filter_10,corr_edited_original_SAS,0.953974,,,,
PGS001288,filter_10,mean_abs_delta_EUR,0.145063,0.096028,-0.049035,ancestry_mean_separation_not_portability,
PGS001288,filter_10,weight_mass_retained,0.798102,,,,
PGS001288,filter_10,variant_frac_retained,0.90184,,,,
PGS001288,filter_10,score_var_retained_AFR,0.550491,,,,
PGS001288,filter_10,score_var_retained_AMR,0.727959,,,,
PGS001288,filter_10,score_var_retained_EAS,0.647283,,,,
PGS001288,filter_10,score_var_retained_EUR,0.672706,,,,
PGS001288,filter_10,score_var_retained_SAS,0.64562,,,,
PGS001288,filter_10,corr_edited_original_AFR,0.764469,,,,
PGS001288,filter_10,corr_edited_original_AMR,0.837237,,,,
PGS001288,filter_10,corr_edited_original_EAS,0.787681,,,,
PGS001288,filter_10,corr_edited_original_EUR,0.798905,,,,
PGS001288,filter_10,corr_edited_original_SAS,0.797942,,,,
PGS000191,random,mean_abs_delta_EUR,0.159482,0.184472,0.0249903,ancestry_mean_separation_not_portability,
PGS000191,random,weight_mass_retained,0.910487,,,,
PGS000191,random,variant_frac_retained,0.899225,,,,
PGS000191,random,score_var_retained_AFR,0.965692,,,,
PGS000191,random,score_var_retained_AMR,0.895786,,,,
PGS000191,random,score_var_retained_EAS,0.908637,,,,
PGS000191,random,score_var_retained_EUR,0.91442,,,,
PGS000191,random,score_var_retained_SAS,0.9442,,,,
PGS000191,random,corr_edited_original_AFR,0.968914,,,,
PGS000191,random,corr_edited_original_AMR,0.967126,,,,
PGS000191,random,corr_edited_original_EAS,0.959851,,,,
PGS000191,random,corr_edited_original_EUR,0.972635,,,,
PGS000191,random,corr_edited_original_SAS,0.96531,,,,
PGS004133,random,mean_abs_delta_EUR,0.473485,0.559182,0.0856964,ancestry_mean_separation_not_portability,
PGS004133,random,weight_mass_retained,0.922033,,,,
PGS004133,random,variant_frac_retained,0.901316,,,,
PGS004133,random,score_var_retained_AFR,0.95566,,,,
PGS004133,random,score_var_retained_AMR,0.916001,,,,
PGS004133,random,score_var_retained_EAS,0.899893,,,,
PGS004133,random,score_var_retained_EUR,0.877234,,,,
PGS004133,random,score_var_retained_SAS,0.918851,,,,
PGS004133,random,corr_edited_original_AFR,0.968343,,,,
PGS004133,random,corr_edited_original_AMR,0.976404,,,,
PGS004133,random,corr_edited_original_EAS,0.971078,,,,
PGS004133,random,corr_edited_original_EUR,0.967336,,,,
PGS004133,random,corr_edited_original_SAS,0.962048,,,,
PGS001288,random,mean_abs_delta_EUR,0.0916637,0.096028,0.00436426,ancestry_mean_separation_not_portability,
PGS001288,random,weight_mass_retained,0.93394,,,,
PGS001288,random,variant_frac_retained,0.90184,,,,
PGS001288,random,score_var_retained_AFR,0.948407,,,,
PGS001288,random,score_var_retained_AMR,0.992996,,,,
PGS001288,random,score_var_retained_EAS,0.966375,,,,
PGS001288,random,score_var_retained_EUR,0.956347,,,,
PGS001288,random,score_var_retained_SAS,0.97776,,,,
PGS001288,random,corr_edited_original_AFR,0.975611,,,,
PGS001288,random,corr_edited_original_AMR,0.981453,,,,
PGS001288,random,corr_edited_original_EAS,0.982982,,,,
PGS001288,random,corr_edited_original_EUR,0.979544,,,,
PGS001288,random,corr_edited_original_SAS,0.978999,,,,
PGS000191,duffy_gate,mean_abs_delta_EUR,0.183573,0.184472,0.000899665,ancestry_mean_separation_not_portability,
PGS000191,duffy_gate,weight_mass_retained,0.983142,,,,
PGS000191,duffy_gate,variant_frac_retained,0.994186,,,,
PGS000191,duffy_gate,score_var_retained_AFR,0.998044,,,,
PGS000191,duffy_gate,score_var_retained_AMR,0.993481,,,,
PGS000191,duffy_gate,score_var_retained_EAS,1.00408,,,,
PGS000191,duffy_gate,score_var_retained_EUR,0.9947,,,,
PGS000191,duffy_gate,score_var_retained_SAS,0.991418,,,,
PGS000191,duffy_gate,corr_edited_original_AFR,0.999955,,,,
PGS000191,duffy_gate,corr_edited_original_AMR,0.998353,,,,
PGS000191,duffy_gate,corr_edited_original_EAS,0.999597,,,,
PGS000191,duffy_gate,corr_edited_original_EUR,0.997749,,,,
PGS000191,duffy_gate,corr_edited_original_SAS,0.998745,,,,
PGS004133,duffy_gate,mean_abs_delta_EUR,0.559182,0.559182,1.11022e-16,ancestry_mean_separation_not_portability,
PGS004133,duffy_gate,weight_mass_retained,1,,,,
PGS004133,duffy_gate,variant_frac_retained,1,,,,
PGS004133,duffy_gate,score_var_retained_AFR,1,,,,
PGS004133,duffy_gate,score_var_retained_AMR,1,,,,
PGS004133,duffy_gate,score_var_retained_EAS,1,,,,
PGS004133,duffy_gate,score_var_retained_EUR,1,,,,
PGS004133,duffy_gate,score_var_retained_SAS,1,,,,
PGS004133,duffy_gate,corr_edited_original_AFR,1,,,,
PGS004133,duffy_gate,corr_edited_original_AMR,1,,,,
PGS004133,duffy_gate,corr_edited_original_EAS,1,,,,
PGS004133,duffy_gate,corr_edited_original_EUR,1,,,,
PGS004133,duffy_gate,corr_edited_original_SAS,1,,,,
PGS001288,duffy_gate,mean_abs_delta_EUR,0.096028,0.096028,0,ancestry_mean_separation_not_portability,
PGS001288,duffy_gate,weight_mass_retained,1,,,,
PGS001288,duffy_gate,variant_frac_retained,1,,,,
PGS001288,duffy_gate,score_var_retained_AFR,1,,,,
PGS001288,duffy_gate,score_var_retained_AMR,1,,,,
PGS001288,duffy_gate,score_var_retained_EAS,1,,,,
PGS001288,duffy_gate,score_var_retained_EUR,1,,,,
PGS001288,duffy_gate,score_var_retained_SAS,1,,,,
PGS001288,duffy_gate,corr_edited_original_AFR,1,,,,
PGS001288,duffy_gate,corr_edited_original_AMR,1,,,,
PGS001288,duffy_gate,corr_edited_original_EAS,1,,,,
PGS001288,duffy_gate,corr_edited_original_EUR,1,,,,
PGS001288,duffy_gate,corr_edited_original_SAS,1,,,,
PGS000018,reweight_linear,mean_abs_delta_EUR,0.448527,0.798195,0.349668,ancestry_mean_separation_not_portability,
PGS000018,reweight_linear,weight_mass_retained,0.694427,,,,
PGS000018,reweight_linear,variant_frac_retained,1,,,,
PGS000018,reweight_linear,score_var_retained_AFR,0.359729,,,,
PGS000018,reweight_linear,score_var_retained_AMR,0.357565,,,,
PGS000018,reweight_linear,score_var_retained_EAS,0.308142,,,,
PGS000018,reweight_linear,score_var_retained_EUR,0.37469,,,,
PGS000018,reweight_linear,score_var_retained_SAS,0.334391,,,,
PGS000018,reweight_linear,corr_edited_original_AFR,0.989146,,,,
PGS000018,reweight_linear,corr_edited_original_AMR,0.99571,,,,
PGS000018,reweight_linear,corr_edited_original_EAS,0.994699,,,,
PGS000018,reweight_linear,corr_edited_original_EUR,0.995594,,,,
PGS000018,reweight_linear,corr_edited_original_SAS,0.993061,,,,
PGS004696,reweight_linear,mean_abs_delta_EUR,0.510299,0.848247,0.337947,ancestry_mean_separation_not_portability,
PGS004696,reweight_linear,weight_mass_retained,0.684049,,,,
PGS004696,reweight_linear,variant_frac_retained,1,,,,
PGS004696,reweight_linear,score_var_retained_AFR,0.480895,,,,
PGS004696,reweight_linear,score_var_retained_AMR,0.343039,,,,
PGS004696,reweight_linear,score_var_retained_EAS,0.30368,,,,
PGS004696,reweight_linear,score_var_retained_EUR,0.329746,,,,
PGS004696,reweight_linear,score_var_retained_SAS,0.328899,,,,
PGS004696,reweight_linear,corr_edited_original_AFR,0.987829,,,,
PGS004696,reweight_linear,corr_edited_original_AMR,0.996926,,,,
PGS004696,reweight_linear,corr_edited_original_EAS,0.99339,,,,
PGS004696,reweight_linear,corr_edited_original_EUR,0.991844,,,,
PGS004696,reweight_linear,corr_edited_original_SAS,0.993143,,,,
PGS004698,reweight_linear,mean_abs_delta_EUR,35.9668,56.0166,20.0498,ancestry_mean_separation_not_portability,
PGS004698,reweight_linear,weight_mass_retained,0.748513,,,,
PGS004698,reweight_linear,variant_frac_retained,0.999998,,,,
PGS004698,reweight_linear,score_var_retained_AFR,0.560978,,,,
PGS004698,reweight_linear,score_var_retained_AMR,0.428218,,,,
PGS004698,reweight_linear,score_var_retained_EAS,0.341853,,,,
PGS004698,reweight_linear,score_var_retained_EUR,0.362886,,,,
PGS004698,reweight_linear,score_var_retained_SAS,0.364311,,,,
PGS004698,reweight_linear,corr_edited_original_AFR,0.981831,,,,
PGS004698,reweight_linear,corr_edited_original_AMR,0.992325,,,,
PGS004698,reweight_linear,corr_edited_original_EAS,0.97785,,,,
PGS004698,reweight_linear,corr_edited_original_EUR,0.972879,,,,
PGS004698,reweight_linear,corr_edited_original_SAS,0.976662,,,,
PGS003897,reweight_linear,mean_abs_delta_EUR,0.19093,0.388864,0.197934,ancestry_mean_separation_not_portability,
PGS003897,reweight_linear,weight_mass_retained,0.576852,,,,
PGS003897,reweight_linear,variant_frac_retained,1,,,,
PGS003897,reweight_linear,score_var_retained_AFR,0.324518,,,,
PGS003897,reweight_linear,score_var_retained_AMR,0.311843,,,,
PGS003897,reweight_linear,score_var_retained_EAS,0.300536,,,,
PGS003897,reweight_linear,score_var_retained_EUR,0.316576,,,,
PGS003897,reweight_linear,score_var_retained_SAS,0.315426,,,,
PGS003897,reweight_linear,corr_edited_original_AFR,0.991478,,,,
PGS003897,reweight_linear,corr_edited_original_AMR,0.989196,,,,
PGS003897,reweight_linear,corr_edited_original_EAS,0.992929,,,,
PGS003897,reweight_linear,corr_edited_original_EUR,0.991797,,,,
PGS003897,reweight_linear,corr_edited_original_SAS,0.992445,,,,
PGS002853,reweight_linear,mean_abs_delta_EUR,0.0352772,0.0760014,0.0407242,ancestry_mean_separation_not_portability,
PGS002853,reweight_linear,weight_mass_retained,0.736491,,,,
PGS002853,reweight_linear,variant_frac_retained,1,,,,
PGS002853,reweight_linear,score_var_retained_AFR,0.395298,,,,
PGS002853,reweight_linear,score_var_retained_AMR,0.342999,,,,
PGS002853,reweight_linear,score_var_retained_EAS,0.3083,,,,
PGS002853,reweight_linear,score_var_retained_EUR,0.367133,,,,
PGS002853,reweight_linear,score_var_retained_SAS,0.346151,,,,
PGS002853,reweight_linear,corr_edited_original_AFR,0.986488,,,,
PGS002853,reweight_linear,corr_edited_original_AMR,0.989632,,,,
PGS002853,reweight_linear,corr_edited_original_EAS,0.992899,,,,
PGS002853,reweight_linear,corr_edited_original_EUR,0.988853,,,,
PGS002853,reweight_linear,corr_edited_original_SAS,0.986407,,,,
PGS000018,reweight_linear,mad_vs_matched_random_n,,,,ancestry_mean_separation_vs_matched_random,
PGS000018,reweight_linear,mad_vs_matched_random_mass,,,,ancestry_mean_separation_vs_matched_random,
PGS000191,fst,mad_vs_matched_random_n,0.0345581,,,ancestry_mean_separation_vs_matched_random,random
PGS000191,fst,mad_vs_matched_random_mass,0.0345581,,,ancestry_mean_separation_vs_matched_random,random
PGS000191,maf,mad_vs_matched_random_n,-0.0164823,,,ancestry_mean_separation_vs_matched_random,random
PGS000191,maf,mad_vs_matched_random_mass,-0.0164823,,,ancestry_mean_separation_vs_matched_random,random
PGS000191,filter_10,mad_vs_matched_random_n,0.0425659,,,ancestry_mean_separation_vs_matched_random,random
PGS000191,filter_10,mad_vs_matched_random_mass,0.0425659,,,ancestry_mean_separation_vs_matched_random,random
PGS000191,duffy_gate,mad_vs_matched_random_n,0.0240907,,,ancestry_mean_separation_vs_matched_random,random
PGS000191,duffy_gate,mad_vs_matched_random_mass,0.0240907,,,ancestry_mean_separation_vs_matched_random,random
PGS001288,fst,mad_vs_matched_random_n,-0.0219945,,,ancestry_mean_separation_vs_matched_random,random
PGS001288,fst,mad_vs_matched_random_mass,-0.0219945,,,ancestry_mean_separation_vs_matched_random,random
PGS001288,maf,mad_vs_matched_random_n,0.00711159,,,ancestry_mean_separation_vs_matched_random,random
PGS001288,maf,mad_vs_matched_random_mass,0.00711159,,,ancestry_mean_separation_vs_matched_random,random
PGS001288,filter_10,mad_vs_matched_random_n,0.0533992,,,ancestry_mean_separation_vs_matched_random,random
PGS001288,filter_10,mad_vs_matched_random_mass,0.0533992,,,ancestry_mean_separation_vs_matched_random,random
PGS001288,duffy_gate,mad_vs_matched_random_n,0.00436426,,,ancestry_mean_separation_vs_matched_random,random
PGS001288,duffy_gate,mad_vs_matched_random_mass,0.00436426,,,ancestry_mean_separation_vs_matched_random,random
PGS002853,reweight_linear,mad_vs_matched_random_n,,,,ancestry_mean_separation_vs_matched_random,
PGS002853,reweight_linear,mad_vs_matched_random_mass,,,,ancestry_mean_separation_vs_matched_random,
PGS003897,reweight_linear,mad_vs_matched_random_n,,,,ancestry_mean_separation_vs_matched_random,
PGS003897,reweight_linear,mad_vs_matched_random_mass,,,,ancestry_mean_separation_vs_matched_random,
PGS004133,fst,mad_vs_matched_random_n,-0.102686,,,ancestry_mean_separation_vs_matched_random,random
PGS004133,fst,mad_vs_matched_random_mass,-0.102686,,,ancestry_mean_separation_vs_matched_random,random
PGS004133,maf,mad_vs_matched_random_n,-0.114983,,,ancestry_mean_separation_vs_matched_random,random
PGS004133,maf,mad_vs_matched_random_mass,-0.114983,,,ancestry_mean_separation_vs_matched_random,random
PGS004133,filter_10,mad_vs_matched_random_n,0.00915713,,,ancestry_mean_separation_vs_matched_random,random
PGS004133,filter_10,mad_vs_matched_random_mass,0.00915713,,,ancestry_mean_separation_vs_matched_random,random
PGS004133,duffy_gate,mad_vs_matched_random_n,0.0856964,,,ancestry_mean_separation_vs_matched_random,random
PGS004133,duffy_gate,mad_vs_matched_random_mass,0.0856964,,,ancestry_mean_separation_vs_matched_random,random
PGS004696,reweight_linear,mad_vs_matched_random_n,,,,ancestry_mean_separation_vs_matched_random,
PGS004696,reweight_linear,mad_vs_matched_random_mass,,,,ancestry_mean_separation_vs_matched_random,
PGS004698,reweight_linear,mad_vs_matched_random_n,,,,ancestry_mean_separation_vs_matched_random,
PGS004698,reweight_linear,mad_vs_matched_random_mass,,,,ancestry_mean_separation_vs_matched_random,
