pgs_id,trait,mode,metric,value,value_lo,value_hi,baseline_value,baseline_value_lo,baseline_value_hi,delta_vs_baseline,reduction,n_labeled_retained
PGS000018,T2D,filter_5,mean_abs_delta_EUR,1.4832845429197872,1.3007128369870422,1.6091177729484853,1.4433717744989998,1.2771701415419099,1.5636068921357757,0.03991276842078739,-0.03991276842078739,
PGS000018,T2D,filter_5,kendall_w,0.12098765432098765,,,0.07361111111111111,,,0.04737654320987654,-0.04737654320987654,
PGS000018,T2D,filter_5,median_I2_retained,0.0,,,0.0,,,0.0,0.0,77169.0
PGS000018,T2D,filter_5,mean_sign_concordance_retained,0.6300363540649414,,,0.6305486559867859,,,-0.0005123019218444824,-0.0005123019218444824,77169.0
PGS000018,T2D,filter_5,weight_retained_frac,0.9643255191557132,,,1.0,,,-0.035674480844286816,0.035674480844286816,
PGS000018,T2D,filter_5,tail5_frac_AFR,0.007936507936507936,,,0.0,,,0.007936507936507936,,
PGS000018,T2D,filter_5,tail5_frac_AMR,0.07936507936507936,,,0.10317460317460317,,,-0.023809523809523808,,
PGS000018,T2D,filter_5,tail5_frac_EAS,0.0,,,0.2222222222222222,,,-0.2222222222222222,,
PGS000018,T2D,filter_5,tail5_frac_EUR,0.9047619047619048,,,0.6746031746031746,,,0.23015873015873012,,
PGS000018,T2D,filter_5,tail5_frac_SAS,0.007936507936507936,,,0.0,,,0.007936507936507936,,
PGS000018,T2D,filter_5,tail5_ancestry_L1,0.492063492063492,,,0.0,,,0.492063492063492,,
PGS004696,CAD,filter_5,mean_abs_delta_EUR,4.620212628199387,4.338064289577114,4.896136785427038,4.276596184543395,4.054897571517985,4.555738377815027,0.34361644365599187,-0.34361644365599187,
PGS004696,CAD,filter_5,kendall_w,0.12098765432098765,,,0.07361111111111111,,,0.04737654320987654,-0.04737654320987654,
PGS004696,CAD,filter_5,median_I2_retained,0.0,,,0.0,,,0.0,0.0,58193.0
PGS004696,CAD,filter_5,mean_sign_concordance_retained,0.6283833980560303,,,0.6266543865203857,,,0.0017290115356445312,0.0017290115356445312,58193.0
PGS004696,CAD,filter_5,weight_retained_frac,0.9772316111254806,,,1.0,,,-0.022768388874519374,0.022768388874519374,
PGS004696,CAD,filter_5,tail5_frac_AFR,0.15079365079365079,,,0.05555555555555555,,,0.09523809523809523,,
PGS004696,CAD,filter_5,tail5_frac_AMR,0.1746031746031746,,,0.23015873015873015,,,-0.05555555555555555,,
PGS004696,CAD,filter_5,tail5_frac_EAS,0.6746031746031746,,,0.7142857142857143,,,-0.03968253968253965,,
PGS004696,CAD,filter_5,tail5_frac_EUR,0.0,,,0.0,,,0.0,,
PGS004696,CAD,filter_5,tail5_frac_SAS,0.0,,,0.0,,,0.0,,
PGS004696,CAD,filter_5,tail5_ancestry_L1,0.19047619047619044,,,0.0,,,0.19047619047619044,,
PGS004698,CAD,filter_5,mean_abs_delta_EUR,4.2746453971327805,4.039371322926944,4.5382892050439345,3.655455560197489,3.4795518987265246,3.8533583494961374,0.6191898369352913,-0.6191898369352913,
PGS004698,CAD,filter_5,kendall_w,0.12098765432098765,,,0.07361111111111111,,,0.04737654320987654,-0.04737654320987654,
PGS004698,CAD,filter_5,median_I2_retained,0.0,,,0.0,,,0.0,0.0,40483.0
PGS004698,CAD,filter_5,mean_sign_concordance_retained,0.6381680965423584,,,0.6355894207954407,,,0.0025786757469177246,0.0025786757469177246,40483.0
PGS004698,CAD,filter_5,weight_retained_frac,0.9858021511906792,,,1.0,,,-0.014197848809320845,0.014197848809320845,
PGS004698,CAD,filter_5,tail5_frac_AFR,0.7619047619047619,,,0.7301587301587301,,,0.031746031746031744,,
PGS004698,CAD,filter_5,tail5_frac_AMR,0.09523809523809523,,,0.09523809523809523,,,0.0,,
PGS004698,CAD,filter_5,tail5_frac_EAS,0.14285714285714285,,,0.1746031746031746,,,-0.031746031746031744,,
PGS004698,CAD,filter_5,tail5_frac_EUR,0.0,,,0.0,,,0.0,,
PGS004698,CAD,filter_5,tail5_frac_SAS,0.0,,,0.0,,,0.0,,
PGS004698,CAD,filter_5,tail5_ancestry_L1,0.06349206349206349,,,0.0,,,0.06349206349206349,,
PGS003897,BMI,filter_5,mean_abs_delta_EUR,0.31555915118723515,0.2552368107123952,0.3937446225969849,0.24074806570109797,0.20824358123211123,0.2925655743313509,0.07481108548613719,-0.07481108548613719,
PGS003897,BMI,filter_5,kendall_w,0.12098765432098765,,,0.07361111111111111,,,0.04737654320987654,-0.04737654320987654,
PGS003897,BMI,filter_5,median_I2_retained,0.34361690282821655,,,0.37224072217941284,,,-0.02862381935119629,0.02862381935119629,13448.0
PGS003897,BMI,filter_5,mean_sign_concordance_retained,0.5617984533309937,,,0.5602743029594421,,,0.0015241503715515137,0.0015241503715515137,13448.0
PGS003897,BMI,filter_5,weight_retained_frac,0.9375375528512119,,,1.0,,,-0.062462447148788125,0.062462447148788125,
PGS003897,BMI,filter_5,tail5_frac_AFR,0.16666666666666666,,,0.23809523809523808,,,-0.07142857142857142,,
PGS003897,BMI,filter_5,tail5_frac_AMR,0.2222222222222222,,,0.19047619047619047,,,0.031746031746031744,,
PGS003897,BMI,filter_5,tail5_frac_EAS,0.0873015873015873,,,0.0873015873015873,,,0.0,,
PGS003897,BMI,filter_5,tail5_frac_EUR,0.31746031746031744,,,0.3253968253968254,,,-0.007936507936507964,,
PGS003897,BMI,filter_5,tail5_frac_SAS,0.20634920634920634,,,0.15873015873015872,,,0.047619047619047616,,
PGS003897,BMI,filter_5,tail5_ancestry_L1,0.15873015873015875,,,0.0,,,0.15873015873015875,,
PGS002853,LDL,filter_5,mean_abs_delta_EUR,0.15394938212851403,0.12330372061444862,0.20447125945012362,0.25989511412259914,0.18101813374665499,0.3492223280883946,-0.10594573199408511,0.10594573199408511,
PGS002853,LDL,filter_5,kendall_w,0.12098765432098765,,,0.07361111111111111,,,0.04737654320987654,-0.04737654320987654,
PGS002853,LDL,filter_5,median_I2_retained,0.0,,,0.048609644174575806,,,-0.048609644174575806,0.048609644174575806,476630.0
PGS002853,LDL,filter_5,mean_sign_concordance_retained,0.5908252596855164,,,0.5854026675224304,,,0.0054225921630859375,0.0054225921630859375,476630.0
PGS002853,LDL,filter_5,weight_retained_frac,0.9831244793126583,,,1.0,,,-0.01687552068734166,0.01687552068734166,
PGS002853,LDL,filter_5,tail5_frac_AFR,0.25396825396825395,,,0.23809523809523808,,,0.015873015873015872,,
PGS002853,LDL,filter_5,tail5_frac_AMR,0.23015873015873015,,,0.2222222222222222,,,0.007936507936507936,,
PGS002853,LDL,filter_5,tail5_frac_EAS,0.09523809523809523,,,0.14285714285714285,,,-0.047619047619047616,,
PGS002853,LDL,filter_5,tail5_frac_EUR,0.24603174603174602,,,0.14285714285714285,,,0.10317460317460317,,
PGS002853,LDL,filter_5,tail5_frac_SAS,0.1746031746031746,,,0.25396825396825395,,,-0.07936507936507936,,
PGS002853,LDL,filter_5,tail5_ancestry_L1,0.25396825396825395,,,0.0,,,0.25396825396825395,,
PGS002858,LDL,filter_5,mean_abs_delta_EUR,0.16982273628844685,0.12166587925162721,0.20967641228841064,0.37752654635908756,0.2835154317544518,0.47601197251214317,-0.2077038100706407,0.2077038100706407,
PGS002858,LDL,filter_5,kendall_w,0.12098765432098765,,,0.07361111111111111,,,0.04737654320987654,-0.04737654320987654,
PGS002858,LDL,filter_5,median_I2_retained,0.0,,,0.048610735684633255,,,-0.048610735684633255,0.048610735684633255,476629.0
PGS002858,LDL,filter_5,mean_sign_concordance_retained,0.5908253788948059,,,0.5854030251502991,,,0.005422353744506836,0.005422353744506836,476629.0
PGS002858,LDL,filter_5,weight_retained_frac,0.9832336448074372,,,1.0,,,-0.016766355192562754,0.016766355192562754,
PGS002858,LDL,filter_5,tail5_frac_AFR,0.25396825396825395,,,0.2698412698412698,,,-0.015873015873015872,,
PGS002858,LDL,filter_5,tail5_frac_AMR,0.1984126984126984,,,0.18253968253968253,,,0.015873015873015872,,
PGS002858,LDL,filter_5,tail5_frac_EAS,0.07936507936507936,,,0.10317460317460317,,,-0.023809523809523808,,
PGS002858,LDL,filter_5,tail5_frac_EUR,0.19047619047619047,,,0.10317460317460317,,,0.0873015873015873,,
PGS002858,LDL,filter_5,tail5_frac_SAS,0.2777777777777778,,,0.3412698412698413,,,-0.06349206349206349,,
PGS002858,LDL,filter_5,tail5_ancestry_L1,0.20634920634920634,,,0.0,,,0.20634920634920634,,
PGS003092,BMI,filter_5,mean_abs_delta_EUR,0.21157430188003407,0.1691565102189261,0.2597498763222029,0.3476313487872348,0.2899153501090985,0.4131796117324976,-0.13605704690720072,0.13605704690720072,
PGS003092,BMI,filter_5,kendall_w,0.12098765432098765,,,0.07361111111111111,,,0.04737654320987654,-0.04737654320987654,
PGS003092,BMI,filter_5,median_I2_retained,0.1032649427652359,,,0.16855233907699585,,,-0.06528739631175995,0.06528739631175995,937178.0
PGS003092,BMI,filter_5,mean_sign_concordance_retained,0.5841941237449646,,,0.5798572897911072,,,0.004336833953857422,0.004336833953857422,937178.0
PGS003092,BMI,filter_5,weight_retained_frac,0.9818927993601934,,,1.0,,,-0.018107200639806642,0.018107200639806642,
PGS003092,BMI,filter_5,tail5_frac_AFR,0.10317460317460317,,,0.031746031746031744,,,0.07142857142857142,,
PGS003092,BMI,filter_5,tail5_frac_AMR,0.14285714285714285,,,0.1349206349206349,,,0.007936507936507936,,
PGS003092,BMI,filter_5,tail5_frac_EAS,0.1111111111111111,,,0.3253968253968254,,,-0.2142857142857143,,
PGS003092,BMI,filter_5,tail5_frac_EUR,0.25396825396825395,,,0.20634920634920634,,,0.047619047619047616,,
PGS003092,BMI,filter_5,tail5_frac_SAS,0.3888888888888889,,,0.30158730158730157,,,0.08730158730158732,,
PGS003092,BMI,filter_5,tail5_ancestry_L1,0.4285714285714286,,,0.0,,,0.4285714285714286,,
PGS000014,CAD,filter_5,mean_abs_delta_EUR,3.4988292112359085,3.305863520350069,3.774983412695742,3.498806555533649,3.280194210648079,3.7982305628079067,2.2655702259566368e-05,-2.2655702259566368e-05,
PGS000014,CAD,filter_5,kendall_w,0.12098765432098765,,,0.07361111111111111,,,0.04737654320987654,-0.04737654320987654,
PGS000014,CAD,filter_5,median_I2_retained,0.0,,,0.0,,,0.0,0.0,284348.0
PGS000014,CAD,filter_5,mean_sign_concordance_retained,0.6208592653274536,,,0.6188855171203613,,,0.001973748207092285,0.001973748207092285,284348.0
PGS000014,CAD,filter_5,weight_retained_frac,0.9680894236828371,,,1.0,,,-0.031910576317162875,0.031910576317162875,
PGS000014,CAD,filter_5,tail5_frac_AFR,0.9523809523809523,,,0.4365079365079365,,,0.5158730158730158,,
PGS000014,CAD,filter_5,tail5_frac_AMR,0.0,,,0.0,,,0.0,,
PGS000014,CAD,filter_5,tail5_frac_EAS,0.047619047619047616,,,0.5634920634920635,,,-0.5158730158730158,,
PGS000014,CAD,filter_5,tail5_frac_EUR,0.0,,,0.0,,,0.0,,
PGS000014,CAD,filter_5,tail5_frac_SAS,0.0,,,0.0,,,0.0,,
PGS000014,CAD,filter_5,tail5_ancestry_L1,1.0317460317460316,,,0.0,,,1.0317460317460316,,
PGS004840,T2D,filter_5,mean_abs_delta_EUR,2.8947310999101203,2.7356968454735937,3.1012745627226903,2.746743320529516,2.6106161839154063,2.9408570838911556,0.14798777938060415,-0.14798777938060415,
PGS004840,T2D,filter_5,kendall_w,0.12098765432098765,,,0.07361111111111111,,,0.04737654320987654,-0.04737654320987654,
PGS004840,T2D,filter_5,median_I2_retained,0.0,,,0.0,,,0.0,0.0,391821.0
PGS004840,T2D,filter_5,mean_sign_concordance_retained,0.6341772675514221,,,0.6334612965583801,,,0.0007159709930419922,0.0007159709930419922,391821.0
PGS004840,T2D,filter_5,weight_retained_frac,0.9579662635828099,,,1.0,,,-0.042033736417190104,0.042033736417190104,
PGS004840,T2D,filter_5,tail5_frac_AFR,0.9126984126984127,,,0.9603174603174603,,,-0.04761904761904767,,
PGS004840,T2D,filter_5,tail5_frac_AMR,0.0,,,0.0,,,0.0,,
PGS004840,T2D,filter_5,tail5_frac_EAS,0.015873015873015872,,,0.031746031746031744,,,-0.015873015873015872,,
PGS004840,T2D,filter_5,tail5_frac_EUR,0.07142857142857142,,,0.0,,,0.07142857142857142,,
PGS004840,T2D,filter_5,tail5_frac_SAS,0.0,,,0.007936507936507936,,,-0.007936507936507936,,
PGS004840,T2D,filter_5,tail5_ancestry_L1,0.1428571428571429,,,0.0,,,0.1428571428571429,,
PGS000191,WBC,filter_10,mean_abs_delta_EUR,0.49145139692205186,0.38417113890294513,0.5671497878795073,0.43059320240302235,0.3577438058722341,0.5029273611823771,0.06085819451902952,-0.06085819451902952,
PGS000191,WBC,filter_10,kendall_w,0.13333333333333333,,,0.07361111111111111,,,0.05972222222222222,-0.05972222222222222,
PGS000191,WBC,filter_10,median_I2_retained,,,,,,,,,0.0
PGS000191,WBC,filter_10,mean_sign_concordance_retained,,,,,,,,,0.0
PGS000191,WBC,filter_10,weight_retained_frac,0.8857279752333038,,,1.0,,,-0.11427202476669618,0.11427202476669618,
PGS000191,WBC,filter_10,tail5_frac_AFR,0.5555555555555556,,,0.753968253968254,,,-0.19841269841269837,,
PGS000191,WBC,filter_10,tail5_frac_AMR,0.10317460317460317,,,0.0873015873015873,,,0.015873015873015872,,
PGS000191,WBC,filter_10,tail5_frac_EAS,0.10317460317460317,,,0.047619047619047616,,,0.05555555555555555,,
PGS000191,WBC,filter_10,tail5_frac_EUR,0.1349206349206349,,,0.07142857142857142,,,0.06349206349206349,,
PGS000191,WBC,filter_10,tail5_frac_SAS,0.10317460317460317,,,0.03968253968253968,,,0.06349206349206349,,
PGS000191,WBC,filter_10,tail5_ancestry_L1,0.39682539682539675,,,0.0,,,0.39682539682539675,,
PGS004133,RA,filter_10,mean_abs_delta_EUR,0.5855005671622574,0.5310997678397437,0.6303069356376552,0.605496606405715,0.551122979760708,0.6443385830399753,-0.01999603924345761,0.01999603924345761,
PGS004133,RA,filter_10,kendall_w,0.13333333333333333,,,0.07361111111111111,,,0.05972222222222222,-0.05972222222222222,
PGS004133,RA,filter_10,median_I2_retained,,,,,,,,,0.0
PGS004133,RA,filter_10,mean_sign_concordance_retained,,,,,,,,,0.0
PGS004133,RA,filter_10,weight_retained_frac,0.8846875054764672,,,1.0,,,-0.11531249452353276,0.11531249452353276,
PGS004133,RA,filter_10,tail5_frac_AFR,0.0,,,0.0,,,0.0,,
PGS004133,RA,filter_10,tail5_frac_AMR,0.25396825396825395,,,0.2619047619047619,,,-0.007936507936507964,,
PGS004133,RA,filter_10,tail5_frac_EAS,0.6031746031746031,,,0.5793650793650794,,,0.023809523809523725,,
PGS004133,RA,filter_10,tail5_frac_EUR,0.1111111111111111,,,0.14285714285714285,,,-0.031746031746031744,,
PGS004133,RA,filter_10,tail5_frac_SAS,0.031746031746031744,,,0.015873015873015872,,,0.015873015873015872,,
PGS004133,RA,filter_10,tail5_ancestry_L1,0.0793650793650793,,,0.0,,,0.0793650793650793,,
PGS001288,IBD,filter_10,mean_abs_delta_EUR,1.0496132642009124,0.9544248985415046,1.171746172659153,0.569879732237856,0.4615945899022897,0.6674980420674943,0.47973353196305635,-0.47973353196305635,
PGS001288,IBD,filter_10,kendall_w,0.13333333333333333,,,0.07361111111111111,,,0.05972222222222222,-0.05972222222222222,
PGS001288,IBD,filter_10,median_I2_retained,,,,,,,,,0.0
PGS001288,IBD,filter_10,mean_sign_concordance_retained,,,,,,,,,0.0
PGS001288,IBD,filter_10,weight_retained_frac,0.7981023379388466,,,1.0,,,-0.20189766206115345,0.20189766206115345,
PGS001288,IBD,filter_10,tail5_frac_AFR,0.10317460317460317,,,0.09523809523809523,,,0.007936507936507936,,
PGS001288,IBD,filter_10,tail5_frac_AMR,0.15079365079365079,,,0.07936507936507936,,,0.07142857142857142,,
PGS001288,IBD,filter_10,tail5_frac_EAS,0.0,,,0.03968253968253968,,,-0.03968253968253968,,
PGS001288,IBD,filter_10,tail5_frac_EUR,0.6666666666666666,,,0.5317460317460317,,,0.13492063492063489,,
PGS001288,IBD,filter_10,tail5_frac_SAS,0.07936507936507936,,,0.25396825396825395,,,-0.1746031746031746,,
PGS001288,IBD,filter_10,tail5_ancestry_L1,0.42857142857142855,,,0.0,,,0.42857142857142855,,
PGS000018,T2D,filter_20,mean_abs_delta_EUR,1.2257038404886698,1.0692570832713488,1.3649172100549005,1.4433717744989998,1.2771701415419099,1.5636068921357757,-0.21766793401033002,0.21766793401033002,
PGS000018,T2D,filter_20,kendall_w,0.08148148148148149,,,0.07361111111111111,,,0.007870370370370375,-0.007870370370370375,
PGS000018,T2D,filter_20,median_I2_retained,0.0,,,0.0,,,0.0,0.0,57110.0
PGS000018,T2D,filter_20,mean_sign_concordance_retained,0.6279656887054443,,,0.6305486559867859,,,-0.0025829672813415527,-0.0025829672813415527,57110.0
PGS000018,T2D,filter_20,weight_retained_frac,0.8765386905737054,,,1.0,,,-0.12346130942629463,0.12346130942629463,
PGS000018,T2D,filter_20,tail5_frac_AFR,0.007936507936507936,,,0.0,,,0.007936507936507936,,
PGS000018,T2D,filter_20,tail5_frac_AMR,0.031746031746031744,,,0.10317460317460317,,,-0.07142857142857142,,
PGS000018,T2D,filter_20,tail5_frac_EAS,0.0,,,0.2222222222222222,,,-0.2222222222222222,,
PGS000018,T2D,filter_20,tail5_frac_EUR,0.9047619047619048,,,0.6746031746031746,,,0.23015873015873012,,
PGS000018,T2D,filter_20,tail5_frac_SAS,0.05555555555555555,,,0.0,,,0.05555555555555555,,
PGS000018,T2D,filter_20,tail5_ancestry_L1,0.5873015873015872,,,0.0,,,0.5873015873015872,,
PGS004696,CAD,filter_20,mean_abs_delta_EUR,4.663992101301158,4.391396333949616,4.971122809019335,4.276596184543395,4.054897571517985,4.555738377815027,0.38739591675776275,-0.38739591675776275,
PGS004696,CAD,filter_20,kendall_w,0.08148148148148149,,,0.07361111111111111,,,0.007870370370370375,-0.007870370370370375,
PGS004696,CAD,filter_20,median_I2_retained,0.0,,,0.0,,,0.0,0.0,43149.0
PGS004696,CAD,filter_20,mean_sign_concordance_retained,0.6299571990966797,,,0.6266543865203857,,,0.0033028125762939453,0.0033028125762939453,43149.0
PGS004696,CAD,filter_20,weight_retained_frac,0.9067520102198262,,,1.0,,,-0.09324798978017379,0.09324798978017379,
PGS004696,CAD,filter_20,tail5_frac_AFR,0.1984126984126984,,,0.05555555555555555,,,0.14285714285714285,,
PGS004696,CAD,filter_20,tail5_frac_AMR,0.15079365079365079,,,0.23015873015873015,,,-0.07936507936507936,,
PGS004696,CAD,filter_20,tail5_frac_EAS,0.6507936507936508,,,0.7142857142857143,,,-0.06349206349206349,,
PGS004696,CAD,filter_20,tail5_frac_EUR,0.0,,,0.0,,,0.0,,
PGS004696,CAD,filter_20,tail5_frac_SAS,0.0,,,0.0,,,0.0,,
PGS004696,CAD,filter_20,tail5_ancestry_L1,0.2857142857142857,,,0.0,,,0.2857142857142857,,
PGS004698,CAD,filter_20,mean_abs_delta_EUR,4.350326484701817,4.0563596660904775,4.70237268542503,3.655455560197489,3.4795518987265246,3.8533583494961374,0.6948709245043281,-0.6948709245043281,
PGS004698,CAD,filter_20,kendall_w,0.08148148148148149,,,0.07361111111111111,,,0.007870370370370375,-0.007870370370370375,
PGS004698,CAD,filter_20,median_I2_retained,0.0,,,0.0,,,0.0,0.0,27083.0
PGS004698,CAD,filter_20,mean_sign_concordance_retained,0.6419204473495483,,,0.6355894207954407,,,0.006331026554107666,0.006331026554107666,27083.0
PGS004698,CAD,filter_20,weight_retained_frac,0.9459098283782197,,,1.0,,,-0.054090171621780314,0.054090171621780314,
PGS004698,CAD,filter_20,tail5_frac_AFR,0.9206349206349206,,,0.7301587301587301,,,0.19047619047619047,,
PGS004698,CAD,filter_20,tail5_frac_AMR,0.047619047619047616,,,0.09523809523809523,,,-0.047619047619047616,,
PGS004698,CAD,filter_20,tail5_frac_EAS,0.031746031746031744,,,0.1746031746031746,,,-0.14285714285714285,,
PGS004698,CAD,filter_20,tail5_frac_EUR,0.0,,,0.0,,,0.0,,
PGS004698,CAD,filter_20,tail5_frac_SAS,0.0,,,0.0,,,0.0,,
PGS004698,CAD,filter_20,tail5_ancestry_L1,0.38095238095238093,,,0.0,,,0.38095238095238093,,
PGS003897,BMI,filter_20,mean_abs_delta_EUR,0.3305661183588335,0.2788003156819717,0.4059224331078865,0.24074806570109797,0.20824358123211123,0.2925655743313509,0.08981805265773551,-0.08981805265773551,
PGS003897,BMI,filter_20,kendall_w,0.08148148148148149,,,0.07361111111111111,,,0.007870370370370375,-0.007870370370370375,
PGS003897,BMI,filter_20,median_I2_retained,0.29551929235458374,,,0.37224072217941284,,,-0.0767214298248291,0.0767214298248291,10854.0
PGS003897,BMI,filter_20,mean_sign_concordance_retained,0.56280517578125,,,0.5602743029594421,,,0.0025308728218078613,0.0025308728218078613,10854.0
PGS003897,BMI,filter_20,weight_retained_frac,0.7736286393795156,,,1.0,,,-0.22637136062048435,0.22637136062048435,
PGS003897,BMI,filter_20,tail5_frac_AFR,0.20634920634920634,,,0.23809523809523808,,,-0.031746031746031744,,
PGS003897,BMI,filter_20,tail5_frac_AMR,0.1349206349206349,,,0.19047619047619047,,,-0.05555555555555555,,
PGS003897,BMI,filter_20,tail5_frac_EAS,0.12698412698412698,,,0.0873015873015873,,,0.03968253968253968,,
PGS003897,BMI,filter_20,tail5_frac_EUR,0.20634920634920634,,,0.3253968253968254,,,-0.11904761904761907,,
PGS003897,BMI,filter_20,tail5_frac_SAS,0.3253968253968254,,,0.15873015873015872,,,0.16666666666666669,,
PGS003897,BMI,filter_20,tail5_ancestry_L1,0.41269841269841273,,,0.0,,,0.41269841269841273,,
PGS002853,LDL,filter_20,mean_abs_delta_EUR,0.18950468156548347,0.1485311329882793,0.2410054585852305,0.25989511412259914,0.18101813374665499,0.3492223280883946,-0.07039043255711566,0.07039043255711566,
PGS002853,LDL,filter_20,kendall_w,0.08148148148148149,,,0.07361111111111111,,,0.007870370370370375,-0.007870370370370375,
PGS002853,LDL,filter_20,median_I2_retained,0.0,,,0.048609644174575806,,,-0.048609644174575806,0.048609644174575806,383063.0
PGS002853,LDL,filter_20,mean_sign_concordance_retained,0.5978507399559021,,,0.5854026675224304,,,0.01244807243347168,0.01244807243347168,383063.0
PGS002853,LDL,filter_20,weight_retained_frac,0.930185137812185,,,1.0,,,-0.06981486218781496,0.06981486218781496,
PGS002853,LDL,filter_20,tail5_frac_AFR,0.38095238095238093,,,0.23809523809523808,,,0.14285714285714285,,
PGS002853,LDL,filter_20,tail5_frac_AMR,0.11904761904761904,,,0.2222222222222222,,,-0.10317460317460317,,
PGS002853,LDL,filter_20,tail5_frac_EAS,0.07142857142857142,,,0.14285714285714285,,,-0.07142857142857142,,
PGS002853,LDL,filter_20,tail5_frac_EUR,0.25396825396825395,,,0.14285714285714285,,,0.1111111111111111,,
PGS002853,LDL,filter_20,tail5_frac_SAS,0.1746031746031746,,,0.25396825396825395,,,-0.07936507936507936,,
PGS002853,LDL,filter_20,tail5_ancestry_L1,0.5079365079365079,,,0.0,,,0.5079365079365079,,
PGS002858,LDL,filter_20,mean_abs_delta_EUR,0.1324030307478598,0.10346876073072242,0.18403175654456172,0.37752654635908756,0.2835154317544518,0.47601197251214317,-0.24512351561122775,0.24512351561122775,
PGS002858,LDL,filter_20,kendall_w,0.08148148148148149,,,0.07361111111111111,,,0.007870370370370375,-0.007870370370370375,
PGS002858,LDL,filter_20,median_I2_retained,0.0,,,0.048610735684633255,,,-0.048610735684633255,0.048610735684633255,383065.0
PGS002858,LDL,filter_20,mean_sign_concordance_retained,0.5978500843048096,,,0.5854030251502991,,,0.012447059154510498,0.012447059154510498,383065.0
PGS002858,LDL,filter_20,weight_retained_frac,0.9301941482991339,,,1.0,,,-0.06980585170086606,0.06980585170086606,
PGS002858,LDL,filter_20,tail5_frac_AFR,0.3888888888888889,,,0.2698412698412698,,,0.11904761904761907,,
PGS002858,LDL,filter_20,tail5_frac_AMR,0.16666666666666666,,,0.18253968253968253,,,-0.015873015873015872,,
PGS002858,LDL,filter_20,tail5_frac_EAS,0.05555555555555555,,,0.10317460317460317,,,-0.047619047619047616,,
PGS002858,LDL,filter_20,tail5_frac_EUR,0.24603174603174602,,,0.10317460317460317,,,0.14285714285714285,,
PGS002858,LDL,filter_20,tail5_frac_SAS,0.14285714285714285,,,0.3412698412698413,,,-0.19841269841269843,,
PGS002858,LDL,filter_20,tail5_ancestry_L1,0.5238095238095238,,,0.0,,,0.5238095238095238,,
PGS003092,BMI,filter_20,mean_abs_delta_EUR,0.3669662179859083,0.3222422666047004,0.43338456628055777,0.3476313487872348,0.2899153501090985,0.4131796117324976,0.0193348691986735,-0.0193348691986735,
PGS003092,BMI,filter_20,kendall_w,0.08148148148148149,,,0.07361111111111111,,,0.007870370370370375,-0.007870370370370375,
PGS003092,BMI,filter_20,median_I2_retained,0.004169835243374109,,,0.16855233907699585,,,-0.16438250383362174,0.16438250383362174,720997.0
PGS003092,BMI,filter_20,mean_sign_concordance_retained,0.590610921382904,,,0.5798572897911072,,,0.010753631591796875,0.010753631591796875,720997.0
PGS003092,BMI,filter_20,weight_retained_frac,0.9272674361736702,,,1.0,,,-0.07273256382632975,0.07273256382632975,
PGS003092,BMI,filter_20,tail5_frac_AFR,0.12698412698412698,,,0.031746031746031744,,,0.09523809523809523,,
PGS003092,BMI,filter_20,tail5_frac_AMR,0.1349206349206349,,,0.1349206349206349,,,0.0,,
PGS003092,BMI,filter_20,tail5_frac_EAS,0.05555555555555555,,,0.3253968253968254,,,-0.2698412698412699,,
PGS003092,BMI,filter_20,tail5_frac_EUR,0.36507936507936506,,,0.20634920634920634,,,0.15873015873015872,,
PGS003092,BMI,filter_20,tail5_frac_SAS,0.31746031746031744,,,0.30158730158730157,,,0.015873015873015872,,
PGS003092,BMI,filter_20,tail5_ancestry_L1,0.5396825396825398,,,0.0,,,0.5396825396825398,,
PGS000014,CAD,filter_20,mean_abs_delta_EUR,3.247609295398786,3.0533848876002856,3.542772276696768,3.498806555533649,3.280194210648079,3.7982305628079067,-0.2511972601348629,0.2511972601348629,
PGS000014,CAD,filter_20,kendall_w,0.08148148148148149,,,0.07361111111111111,,,0.007870370370370375,-0.007870370370370375,
PGS000014,CAD,filter_20,median_I2_retained,0.0,,,0.0,,,0.0,0.0,213073.0
PGS000014,CAD,filter_20,mean_sign_concordance_retained,0.6204138398170471,,,0.6188855171203613,,,0.001528322696685791,0.001528322696685791,213073.0
PGS000014,CAD,filter_20,weight_retained_frac,0.8713855148607949,,,1.0,,,-0.12861448513920515,0.12861448513920515,
PGS000014,CAD,filter_20,tail5_frac_AFR,1.0,,,0.4365079365079365,,,0.5634920634920635,,
PGS000014,CAD,filter_20,tail5_frac_AMR,0.0,,,0.0,,,0.0,,
PGS000014,CAD,filter_20,tail5_frac_EAS,0.0,,,0.5634920634920635,,,-0.5634920634920635,,
PGS000014,CAD,filter_20,tail5_frac_EUR,0.0,,,0.0,,,0.0,,
PGS000014,CAD,filter_20,tail5_frac_SAS,0.0,,,0.0,,,0.0,,
PGS000014,CAD,filter_20,tail5_ancestry_L1,1.126984126984127,,,0.0,,,1.126984126984127,,
PGS004840,T2D,filter_20,mean_abs_delta_EUR,2.923159354762857,2.7030252438622333,3.144115937879982,2.746743320529516,2.6106161839154063,2.9408570838911556,0.17641603423334073,-0.17641603423334073,
PGS004840,T2D,filter_20,kendall_w,0.08148148148148149,,,0.07361111111111111,,,0.007870370370370375,-0.007870370370370375,
PGS004840,T2D,filter_20,median_I2_retained,0.0,,,0.0,,,0.0,0.0,289966.0
PGS004840,T2D,filter_20,mean_sign_concordance_retained,0.6330530047416687,,,0.6334612965583801,,,-0.0004082918167114258,-0.0004082918167114258,289966.0
PGS004840,T2D,filter_20,weight_retained_frac,0.8304677831718547,,,1.0,,,-0.16953221682814534,0.16953221682814534,
PGS004840,T2D,filter_20,tail5_frac_AFR,1.0,,,0.9603174603174603,,,0.03968253968253965,,
PGS004840,T2D,filter_20,tail5_frac_AMR,0.0,,,0.0,,,0.0,,
PGS004840,T2D,filter_20,tail5_frac_EAS,0.0,,,0.031746031746031744,,,-0.031746031746031744,,
PGS004840,T2D,filter_20,tail5_frac_EUR,0.0,,,0.0,,,0.0,,
PGS004840,T2D,filter_20,tail5_frac_SAS,0.0,,,0.007936507936507936,,,-0.007936507936507936,,
PGS004840,T2D,filter_20,tail5_ancestry_L1,0.07936507936507933,,,0.0,,,0.07936507936507933,,
PGS000018,T2D,reweight_linear,mean_abs_delta_EUR,1.3250173297328038,1.160851429408947,1.4412233057195376,1.4433717744989998,1.2771701415419099,1.5636068921357757,-0.11835444476619594,0.11835444476619594,
PGS000018,T2D,reweight_linear,kendall_w,0.11604938271604938,,,0.07361111111111111,,,0.042438271604938266,-0.042438271604938266,
PGS000018,T2D,reweight_linear,median_I2_retained,0.0,,,0.0,,,0.0,0.0,89381.0
PGS000018,T2D,reweight_linear,mean_sign_concordance_retained,0.6305486559867859,,,0.6305486559867859,,,0.0,0.0,89381.0
PGS000018,T2D,reweight_linear,weight_retained_frac,0.6944268985373855,,,1.0,,,-0.3055731014626145,0.3055731014626145,
PGS000018,T2D,reweight_linear,tail5_frac_AFR,0.0,,,0.0,,,0.0,,
PGS000018,T2D,reweight_linear,tail5_frac_AMR,0.07936507936507936,,,0.10317460317460317,,,-0.023809523809523808,,
PGS000018,T2D,reweight_linear,tail5_frac_EAS,0.0,,,0.2222222222222222,,,-0.2222222222222222,,
PGS000018,T2D,reweight_linear,tail5_frac_EUR,0.9206349206349206,,,0.6746031746031746,,,0.24603174603174593,,
PGS000018,T2D,reweight_linear,tail5_frac_SAS,0.0,,,0.0,,,0.0,,
PGS000018,T2D,reweight_linear,tail5_ancestry_L1,0.492063492063492,,,0.0,,,0.492063492063492,,
PGS004696,CAD,reweight_linear,mean_abs_delta_EUR,4.480341048595886,4.211760692693538,4.7728295890631225,4.276596184543395,4.054897571517985,4.555738377815027,0.20374486405249037,-0.20374486405249037,
PGS004696,CAD,reweight_linear,kendall_w,0.11604938271604938,,,0.07361111111111111,,,0.042438271604938266,-0.042438271604938266,
PGS004696,CAD,reweight_linear,median_I2_retained,0.0,,,0.0,,,0.0,0.0,66762.0
PGS004696,CAD,reweight_linear,mean_sign_concordance_retained,0.6266543865203857,,,0.6266543865203857,,,0.0,0.0,66762.0
PGS004696,CAD,reweight_linear,weight_retained_frac,0.6840494528559891,,,1.0,,,-0.31595054714401094,0.31595054714401094,
PGS004696,CAD,reweight_linear,tail5_frac_AFR,0.21428571428571427,,,0.05555555555555555,,,0.15873015873015872,,
PGS004696,CAD,reweight_linear,tail5_frac_AMR,0.1984126984126984,,,0.23015873015873015,,,-0.031746031746031744,,
PGS004696,CAD,reweight_linear,tail5_frac_EAS,0.5873015873015873,,,0.7142857142857143,,,-0.12698412698412698,,
PGS004696,CAD,reweight_linear,tail5_frac_EUR,0.0,,,0.0,,,0.0,,
PGS004696,CAD,reweight_linear,tail5_frac_SAS,0.0,,,0.0,,,0.0,,
PGS004696,CAD,reweight_linear,tail5_ancestry_L1,0.31746031746031744,,,0.0,,,0.31746031746031744,,
PGS004698,CAD,reweight_linear,mean_abs_delta_EUR,3.896201193697917,3.6821425514184494,4.150556715889481,3.655455560197489,3.4795518987265246,3.8533583494961374,0.24074563350042766,-0.24074563350042766,
PGS004698,CAD,reweight_linear,kendall_w,0.11604938271604938,,,0.07361111111111111,,,0.042438271604938266,-0.042438271604938266,
PGS004698,CAD,reweight_linear,median_I2_retained,0.0,,,0.0,,,0.0,0.0,46961.0
PGS004698,CAD,reweight_linear,mean_sign_concordance_retained,0.6355894207954407,,,0.6355894207954407,,,0.0,0.0,46961.0
PGS004698,CAD,reweight_linear,weight_retained_frac,0.7485132717547947,,,1.0,,,-0.25148672824520535,0.25148672824520535,
PGS004698,CAD,reweight_linear,tail5_frac_AFR,0.7698412698412699,,,0.7301587301587301,,,0.039682539682539764,,
PGS004698,CAD,reweight_linear,tail5_frac_AMR,0.09523809523809523,,,0.09523809523809523,,,0.0,,
PGS004698,CAD,reweight_linear,tail5_frac_EAS,0.1349206349206349,,,0.1746031746031746,,,-0.03968253968253968,,
PGS004698,CAD,reweight_linear,tail5_frac_EUR,0.0,,,0.0,,,0.0,,
PGS004698,CAD,reweight_linear,tail5_frac_SAS,0.0,,,0.0,,,0.0,,
PGS004698,CAD,reweight_linear,tail5_ancestry_L1,0.07936507936507944,,,0.0,,,0.07936507936507944,,
PGS003897,BMI,reweight_linear,mean_abs_delta_EUR,0.21008719347314458,0.1746854367339379,0.26237532541507236,0.24074806570109797,0.20824358123211123,0.2925655743313509,-0.030660872227953384,0.030660872227953384,
PGS003897,BMI,reweight_linear,kendall_w,0.11604938271604938,,,0.07361111111111111,,,0.042438271604938266,-0.042438271604938266,
PGS003897,BMI,reweight_linear,median_I2_retained,0.37224072217941284,,,0.37224072217941284,,,0.0,0.0,14556.0
PGS003897,BMI,reweight_linear,mean_sign_concordance_retained,0.5602743029594421,,,0.5602743029594421,,,0.0,0.0,14556.0
PGS003897,BMI,reweight_linear,weight_retained_frac,0.5768518513021409,,,1.0,,,-0.4231481486978591,0.4231481486978591,
PGS003897,BMI,reweight_linear,tail5_frac_AFR,0.23015873015873015,,,0.23809523809523808,,,-0.007936507936507936,,
PGS003897,BMI,reweight_linear,tail5_frac_AMR,0.19047619047619047,,,0.19047619047619047,,,0.0,,
PGS003897,BMI,reweight_linear,tail5_frac_EAS,0.09523809523809523,,,0.0873015873015873,,,0.007936507936507936,,
PGS003897,BMI,reweight_linear,tail5_frac_EUR,0.30952380952380953,,,0.3253968253968254,,,-0.015873015873015872,,
PGS003897,BMI,reweight_linear,tail5_frac_SAS,0.1746031746031746,,,0.15873015873015872,,,0.015873015873015872,,
PGS003897,BMI,reweight_linear,tail5_ancestry_L1,0.047619047619047616,,,0.0,,,0.047619047619047616,,
PGS002853,LDL,reweight_linear,mean_abs_delta_EUR,0.1990940633054355,0.12208648905478771,0.28383102716862596,0.25989511412259914,0.18101813374665499,0.3492223280883946,-0.06080105081716364,0.06080105081716364,
PGS002853,LDL,reweight_linear,kendall_w,0.11604938271604938,,,0.07361111111111111,,,0.042438271604938266,-0.042438271604938266,
PGS002853,LDL,reweight_linear,median_I2_retained,0.048609644174575806,,,0.048609644174575806,,,0.0,0.0,535800.0
PGS002853,LDL,reweight_linear,mean_sign_concordance_retained,0.5854026675224304,,,0.5854026675224304,,,0.0,0.0,535800.0
PGS002853,LDL,reweight_linear,weight_retained_frac,0.7364909744972247,,,1.0,,,-0.26350902550277533,0.26350902550277533,
PGS002853,LDL,reweight_linear,tail5_frac_AFR,0.23015873015873015,,,0.23809523809523808,,,-0.007936507936507936,,
PGS002853,LDL,reweight_linear,tail5_frac_AMR,0.23015873015873015,,,0.2222222222222222,,,0.007936507936507936,,
PGS002853,LDL,reweight_linear,tail5_frac_EAS,0.1111111111111111,,,0.14285714285714285,,,-0.031746031746031744,,
PGS002853,LDL,reweight_linear,tail5_frac_EUR,0.19047619047619047,,,0.14285714285714285,,,0.047619047619047616,,
PGS002853,LDL,reweight_linear,tail5_frac_SAS,0.23809523809523808,,,0.25396825396825395,,,-0.015873015873015872,,
PGS002853,LDL,reweight_linear,tail5_ancestry_L1,0.1111111111111111,,,0.0,,,0.1111111111111111,,
PGS002858,LDL,reweight_linear,mean_abs_delta_EUR,0.27939192932889784,0.19089170011254508,0.37011648021858085,0.37752654635908756,0.2835154317544518,0.47601197251214317,-0.09813461703018972,0.09813461703018972,
PGS002858,LDL,reweight_linear,kendall_w,0.11604938271604938,,,0.07361111111111111,,,0.042438271604938266,-0.042438271604938266,
PGS002858,LDL,reweight_linear,median_I2_retained,0.048610735684633255,,,0.048610735684633255,,,0.0,0.0,535799.0
PGS002858,LDL,reweight_linear,mean_sign_concordance_retained,0.5854030251502991,,,0.5854030251502991,,,0.0,0.0,535799.0
PGS002858,LDL,reweight_linear,weight_retained_frac,0.7365993291414588,,,1.0,,,-0.26340067085854124,0.26340067085854124,
PGS002858,LDL,reweight_linear,tail5_frac_AFR,0.25396825396825395,,,0.2698412698412698,,,-0.015873015873015872,,
PGS002858,LDL,reweight_linear,tail5_frac_AMR,0.2222222222222222,,,0.18253968253968253,,,0.03968253968253968,,
PGS002858,LDL,reweight_linear,tail5_frac_EAS,0.07142857142857142,,,0.10317460317460317,,,-0.031746031746031744,,
PGS002858,LDL,reweight_linear,tail5_frac_EUR,0.11904761904761904,,,0.10317460317460317,,,0.015873015873015872,,
PGS002858,LDL,reweight_linear,tail5_frac_SAS,0.3333333333333333,,,0.3412698412698413,,,-0.007936507936507964,,
PGS002858,LDL,reweight_linear,tail5_ancestry_L1,0.11111111111111113,,,0.0,,,0.11111111111111113,,
PGS003092,BMI,reweight_linear,mean_abs_delta_EUR,0.18547672731272571,0.1492053713830408,0.2394212352042654,0.3476313487872348,0.2899153501090985,0.4131796117324976,-0.16215462147450907,0.16215462147450907,
PGS003092,BMI,reweight_linear,kendall_w,0.11604938271604938,,,0.07361111111111111,,,0.042438271604938266,-0.042438271604938266,
PGS003092,BMI,reweight_linear,median_I2_retained,0.16855233907699585,,,0.16855233907699585,,,0.0,0.0,1057462.0
PGS003092,BMI,reweight_linear,mean_sign_concordance_retained,0.5798572897911072,,,0.5798572897911072,,,0.0,0.0,1057462.0
PGS003092,BMI,reweight_linear,weight_retained_frac,0.7268599818918237,,,1.0,,,-0.27314001810817634,0.27314001810817634,
PGS003092,BMI,reweight_linear,tail5_frac_AFR,0.0873015873015873,,,0.031746031746031744,,,0.05555555555555555,,
PGS003092,BMI,reweight_linear,tail5_frac_AMR,0.14285714285714285,,,0.1349206349206349,,,0.007936507936507936,,
PGS003092,BMI,reweight_linear,tail5_frac_EAS,0.1111111111111111,,,0.3253968253968254,,,-0.2142857142857143,,
PGS003092,BMI,reweight_linear,tail5_frac_EUR,0.30952380952380953,,,0.20634920634920634,,,0.1031746031746032,,
PGS003092,BMI,reweight_linear,tail5_frac_SAS,0.3492063492063492,,,0.30158730158730157,,,0.047619047619047616,,
PGS003092,BMI,reweight_linear,tail5_ancestry_L1,0.4285714285714286,,,0.0,,,0.4285714285714286,,
PGS000014,CAD,reweight_linear,mean_abs_delta_EUR,3.288604039406911,3.0911951387763055,3.5214187991076757,3.498806555533649,3.280194210648079,3.7982305628079067,-0.21020251612673801,0.21020251612673801,
PGS000014,CAD,reweight_linear,kendall_w,0.11604938271604938,,,0.07361111111111111,,,0.042438271604938266,-0.042438271604938266,
PGS000014,CAD,reweight_linear,median_I2_retained,0.0,,,0.0,,,0.0,0.0,324518.0
PGS000014,CAD,reweight_linear,mean_sign_concordance_retained,0.6188855171203613,,,0.6188855171203613,,,0.0,0.0,324518.0
PGS000014,CAD,reweight_linear,weight_retained_frac,0.6474368270957663,,,1.0,,,-0.35256317290423367,0.35256317290423367,
PGS000014,CAD,reweight_linear,tail5_frac_AFR,0.9761904761904762,,,0.4365079365079365,,,0.5396825396825397,,
PGS000014,CAD,reweight_linear,tail5_frac_AMR,0.0,,,0.0,,,0.0,,
PGS000014,CAD,reweight_linear,tail5_frac_EAS,0.023809523809523808,,,0.5634920634920635,,,-0.5396825396825397,,
PGS000014,CAD,reweight_linear,tail5_frac_EUR,0.0,,,0.0,,,0.0,,
PGS000014,CAD,reweight_linear,tail5_frac_SAS,0.0,,,0.0,,,0.0,,
PGS000014,CAD,reweight_linear,tail5_ancestry_L1,1.0793650793650793,,,0.0,,,1.0793650793650793,,
PGS004840,T2D,reweight_linear,mean_abs_delta_EUR,2.8588116420683547,2.7174051101597803,3.076030105632329,2.746743320529516,2.6106161839154063,2.9408570838911556,0.1120683215388385,-0.1120683215388385,
PGS004840,T2D,reweight_linear,kendall_w,0.11604938271604938,,,0.07361111111111111,,,0.042438271604938266,-0.042438271604938266,
PGS004840,T2D,reweight_linear,median_I2_retained,0.0,,,0.0,,,0.0,0.0,447882.0
PGS004840,T2D,reweight_linear,mean_sign_concordance_retained,0.6334612965583801,,,0.6334612965583801,,,0.0,0.0,447882.0
PGS004840,T2D,reweight_linear,weight_retained_frac,0.6199045062798345,,,1.0,,,-0.3800954937201655,0.3800954937201655,
PGS004840,T2D,reweight_linear,tail5_frac_AFR,1.0,,,0.9603174603174603,,,0.03968253968253965,,
PGS004840,T2D,reweight_linear,tail5_frac_AMR,0.0,,,0.0,,,0.0,,
PGS004840,T2D,reweight_linear,tail5_frac_EAS,0.0,,,0.031746031746031744,,,-0.031746031746031744,,
PGS004840,T2D,reweight_linear,tail5_frac_EUR,0.0,,,0.0,,,0.0,,
PGS004840,T2D,reweight_linear,tail5_frac_SAS,0.0,,,0.007936507936507936,,,-0.007936507936507936,,
PGS004840,T2D,reweight_linear,tail5_ancestry_L1,0.07936507936507933,,,0.0,,,0.07936507936507933,,
PGS000018,T2D,reweight_exp,mean_abs_delta_EUR,1.1578929278684422,1.0066014538526338,1.2702602979907438,1.4433717744989998,1.2771701415419099,1.5636068921357757,-0.28547884663055756,0.28547884663055756,
PGS000018,T2D,reweight_exp,kendall_w,0.06666666666666667,,,0.07361111111111111,,,-0.0069444444444444475,0.0069444444444444475,
PGS000018,T2D,reweight_exp,median_I2_retained,0.0,,,0.0,,,0.0,0.0,89381.0
PGS000018,T2D,reweight_exp,mean_sign_concordance_retained,0.6305486559867859,,,0.6305486559867859,,,0.0,0.0,89381.0
PGS000018,T2D,reweight_exp,weight_retained_frac,0.4098633881183402,,,1.0,,,-0.5901366118816598,0.5901366118816598,
PGS000018,T2D,reweight_exp,tail5_frac_AFR,0.0,,,0.0,,,0.0,,
PGS000018,T2D,reweight_exp,tail5_frac_AMR,0.0873015873015873,,,0.10317460317460317,,,-0.015873015873015872,,
PGS000018,T2D,reweight_exp,tail5_frac_EAS,0.0,,,0.2222222222222222,,,-0.2222222222222222,,
PGS000018,T2D,reweight_exp,tail5_frac_EUR,0.8809523809523809,,,0.6746031746031746,,,0.20634920634920628,,
PGS000018,T2D,reweight_exp,tail5_frac_SAS,0.031746031746031744,,,0.0,,,0.031746031746031744,,
PGS000018,T2D,reweight_exp,tail5_ancestry_L1,0.4761904761904761,,,0.0,,,0.4761904761904761,,
PGS004696,CAD,reweight_exp,mean_abs_delta_EUR,4.534768191033462,4.250572965123627,4.847838001655666,4.276596184543395,4.054897571517985,4.555738377815027,0.25817200649006633,-0.25817200649006633,
PGS004696,CAD,reweight_exp,kendall_w,0.06666666666666667,,,0.07361111111111111,,,-0.0069444444444444475,0.0069444444444444475,
PGS004696,CAD,reweight_exp,median_I2_retained,0.0,,,0.0,,,0.0,0.0,66762.0
PGS004696,CAD,reweight_exp,mean_sign_concordance_retained,0.6266543865203857,,,0.6266543865203857,,,0.0,0.0,66762.0
PGS004696,CAD,reweight_exp,weight_retained_frac,0.41217508045092754,,,1.0,,,-0.5878249195490725,0.5878249195490725,
PGS004696,CAD,reweight_exp,tail5_frac_AFR,0.4365079365079365,,,0.05555555555555555,,,0.38095238095238093,,
PGS004696,CAD,reweight_exp,tail5_frac_AMR,0.1349206349206349,,,0.23015873015873015,,,-0.09523809523809523,,
PGS004696,CAD,reweight_exp,tail5_frac_EAS,0.42857142857142855,,,0.7142857142857143,,,-0.28571428571428575,,
PGS004696,CAD,reweight_exp,tail5_frac_EUR,0.0,,,0.0,,,0.0,,
PGS004696,CAD,reweight_exp,tail5_frac_SAS,0.0,,,0.0,,,0.0,,
PGS004696,CAD,reweight_exp,tail5_ancestry_L1,0.7619047619047619,,,0.0,,,0.7619047619047619,,
PGS004698,CAD,reweight_exp,mean_abs_delta_EUR,4.018924539471809,3.8002391091615872,4.279612178563971,3.655455560197489,3.4795518987265246,3.8533583494961374,0.36346897927431954,-0.36346897927431954,
PGS004698,CAD,reweight_exp,kendall_w,0.06666666666666667,,,0.07361111111111111,,,-0.0069444444444444475,0.0069444444444444475,
PGS004698,CAD,reweight_exp,median_I2_retained,0.0,,,0.0,,,0.0,0.0,46961.0
PGS004698,CAD,reweight_exp,mean_sign_concordance_retained,0.6355894207954407,,,0.6355894207954407,,,0.0,0.0,46961.0
PGS004698,CAD,reweight_exp,weight_retained_frac,0.487638906409799,,,1.0,,,-0.512361093590201,0.512361093590201,
PGS004698,CAD,reweight_exp,tail5_frac_AFR,0.9285714285714286,,,0.7301587301587301,,,0.19841269841269848,,
PGS004698,CAD,reweight_exp,tail5_frac_AMR,0.06349206349206349,,,0.09523809523809523,,,-0.031746031746031744,,
PGS004698,CAD,reweight_exp,tail5_frac_EAS,0.007936507936507936,,,0.1746031746031746,,,-0.16666666666666666,,
PGS004698,CAD,reweight_exp,tail5_frac_EUR,0.0,,,0.0,,,0.0,,
PGS004698,CAD,reweight_exp,tail5_frac_SAS,0.0,,,0.0,,,0.0,,
PGS004698,CAD,reweight_exp,tail5_ancestry_L1,0.39682539682539686,,,0.0,,,0.39682539682539686,,
PGS003897,BMI,reweight_exp,mean_abs_delta_EUR,0.20058398394493054,0.1579204217635356,0.2427748190755839,0.24074806570109797,0.20824358123211123,0.2925655743313509,-0.040164081756167425,0.040164081756167425,
PGS003897,BMI,reweight_exp,kendall_w,0.06666666666666667,,,0.07361111111111111,,,-0.0069444444444444475,0.0069444444444444475,
PGS003897,BMI,reweight_exp,median_I2_retained,0.37224072217941284,,,0.37224072217941284,,,0.0,0.0,14556.0
PGS003897,BMI,reweight_exp,mean_sign_concordance_retained,0.5602743029594421,,,0.5602743029594421,,,0.0,0.0,14556.0
PGS003897,BMI,reweight_exp,weight_retained_frac,0.2874663073787895,,,1.0,,,-0.7125336926212105,0.7125336926212105,
PGS003897,BMI,reweight_exp,tail5_frac_AFR,0.24603174603174602,,,0.23809523809523808,,,0.007936507936507936,,
PGS003897,BMI,reweight_exp,tail5_frac_AMR,0.18253968253968253,,,0.19047619047619047,,,-0.007936507936507936,,
PGS003897,BMI,reweight_exp,tail5_frac_EAS,0.09523809523809523,,,0.0873015873015873,,,0.007936507936507936,,
PGS003897,BMI,reweight_exp,tail5_frac_EUR,0.30158730158730157,,,0.3253968253968254,,,-0.023809523809523836,,
PGS003897,BMI,reweight_exp,tail5_frac_SAS,0.1746031746031746,,,0.15873015873015872,,,0.015873015873015872,,
PGS003897,BMI,reweight_exp,tail5_ancestry_L1,0.06349206349206352,,,0.0,,,0.06349206349206352,,
PGS002853,LDL,reweight_exp,mean_abs_delta_EUR,0.18254672526653487,0.11148560320706824,0.2656364609341124,0.25989511412259914,0.18101813374665499,0.3492223280883946,-0.07734838885606427,0.07734838885606427,
PGS002853,LDL,reweight_exp,kendall_w,0.06666666666666667,,,0.07361111111111111,,,-0.0069444444444444475,0.0069444444444444475,
PGS002853,LDL,reweight_exp,median_I2_retained,0.048609644174575806,,,0.048609644174575806,,,0.0,0.0,535800.0
PGS002853,LDL,reweight_exp,mean_sign_concordance_retained,0.5854026675224304,,,0.5854026675224304,,,0.0,0.0,535800.0
PGS002853,LDL,reweight_exp,weight_retained_frac,0.46855770234774974,,,1.0,,,-0.5314422976522503,0.5314422976522503,
PGS002853,LDL,reweight_exp,tail5_frac_AFR,0.2698412698412698,,,0.23809523809523808,,,0.031746031746031744,,
PGS002853,LDL,reweight_exp,tail5_frac_AMR,0.21428571428571427,,,0.2222222222222222,,,-0.007936507936507936,,
PGS002853,LDL,reweight_exp,tail5_frac_EAS,0.0873015873015873,,,0.14285714285714285,,,-0.05555555555555555,,
PGS002853,LDL,reweight_exp,tail5_frac_EUR,0.1984126984126984,,,0.14285714285714285,,,0.05555555555555555,,
PGS002853,LDL,reweight_exp,tail5_frac_SAS,0.23015873015873015,,,0.25396825396825395,,,-0.023809523809523808,,
PGS002853,LDL,reweight_exp,tail5_ancestry_L1,0.1746031746031746,,,0.0,,,0.1746031746031746,,
PGS002858,LDL,reweight_exp,mean_abs_delta_EUR,0.22854790418858334,0.14652189235314234,0.3197078203489594,0.37752654635908756,0.2835154317544518,0.47601197251214317,-0.14897864217050422,0.14897864217050422,
PGS002858,LDL,reweight_exp,kendall_w,0.06666666666666667,,,0.07361111111111111,,,-0.0069444444444444475,0.0069444444444444475,
PGS002858,LDL,reweight_exp,median_I2_retained,0.048610735684633255,,,0.048610735684633255,,,0.0,0.0,535799.0
PGS002858,LDL,reweight_exp,mean_sign_concordance_retained,0.5854030251502991,,,0.5854030251502991,,,0.0,0.0,535799.0
PGS002858,LDL,reweight_exp,weight_retained_frac,0.46869761702445645,,,1.0,,,-0.5313023829755436,0.5313023829755436,
PGS002858,LDL,reweight_exp,tail5_frac_AFR,0.2619047619047619,,,0.2698412698412698,,,-0.007936507936507908,,
PGS002858,LDL,reweight_exp,tail5_frac_AMR,0.20634920634920634,,,0.18253968253968253,,,0.023809523809523808,,
PGS002858,LDL,reweight_exp,tail5_frac_EAS,0.07142857142857142,,,0.10317460317460317,,,-0.031746031746031744,,
PGS002858,LDL,reweight_exp,tail5_frac_EUR,0.14285714285714285,,,0.10317460317460317,,,0.03968253968253968,,
PGS002858,LDL,reweight_exp,tail5_frac_SAS,0.31746031746031744,,,0.3412698412698413,,,-0.023809523809523836,,
PGS002858,LDL,reweight_exp,tail5_ancestry_L1,0.12698412698412698,,,0.0,,,0.12698412698412698,,
PGS003092,BMI,reweight_exp,mean_abs_delta_EUR,0.24235987558786695,0.1897014346091384,0.2947679571471181,0.3476313487872348,0.2899153501090985,0.4131796117324976,-0.10527147319936783,0.10527147319936783,
PGS003092,BMI,reweight_exp,kendall_w,0.06666666666666667,,,0.07361111111111111,,,-0.0069444444444444475,0.0069444444444444475,
PGS003092,BMI,reweight_exp,median_I2_retained,0.16855233907699585,,,0.16855233907699585,,,0.0,0.0,1057462.0
PGS003092,BMI,reweight_exp,mean_sign_concordance_retained,0.5798572897911072,,,0.5798572897911072,,,0.0,0.0,1057462.0
PGS003092,BMI,reweight_exp,weight_retained_frac,0.45772564008225874,,,1.0,,,-0.5422743599177413,0.5422743599177413,
PGS003092,BMI,reweight_exp,tail5_frac_AFR,0.10317460317460317,,,0.031746031746031744,,,0.07142857142857142,,
PGS003092,BMI,reweight_exp,tail5_frac_AMR,0.1349206349206349,,,0.1349206349206349,,,0.0,,
PGS003092,BMI,reweight_exp,tail5_frac_EAS,0.06349206349206349,,,0.3253968253968254,,,-0.2619047619047619,,
PGS003092,BMI,reweight_exp,tail5_frac_EUR,0.36507936507936506,,,0.20634920634920634,,,0.15873015873015872,,
PGS003092,BMI,reweight_exp,tail5_frac_SAS,0.3333333333333333,,,0.30158730158730157,,,0.031746031746031744,,
PGS003092,BMI,reweight_exp,tail5_ancestry_L1,0.5238095238095238,,,0.0,,,0.5238095238095238,,
PGS000014,CAD,reweight_exp,mean_abs_delta_EUR,3.1589671971245985,2.985956901645328,3.3921854987087166,3.498806555533649,3.280194210648079,3.7982305628079067,-0.33983935840905044,0.33983935840905044,
PGS000014,CAD,reweight_exp,kendall_w,0.06666666666666667,,,0.07361111111111111,,,-0.0069444444444444475,0.0069444444444444475,
PGS000014,CAD,reweight_exp,median_I2_retained,0.0,,,0.0,,,0.0,0.0,324518.0
PGS000014,CAD,reweight_exp,mean_sign_concordance_retained,0.6188855171203613,,,0.6188855171203613,,,0.0,0.0,324518.0
PGS000014,CAD,reweight_exp,weight_retained_frac,0.36060787159809193,,,1.0,,,-0.6393921284019081,0.6393921284019081,
PGS000014,CAD,reweight_exp,tail5_frac_AFR,0.9920634920634921,,,0.4365079365079365,,,0.5555555555555556,,
PGS000014,CAD,reweight_exp,tail5_frac_AMR,0.0,,,0.0,,,0.0,,
PGS000014,CAD,reweight_exp,tail5_frac_EAS,0.007936507936507936,,,0.5634920634920635,,,-0.5555555555555556,,
PGS000014,CAD,reweight_exp,tail5_frac_EUR,0.0,,,0.0,,,0.0,,
PGS000014,CAD,reweight_exp,tail5_frac_SAS,0.0,,,0.0,,,0.0,,
PGS000014,CAD,reweight_exp,tail5_ancestry_L1,1.1111111111111112,,,0.0,,,1.1111111111111112,,
PGS004840,T2D,reweight_exp,mean_abs_delta_EUR,2.8882707609743443,2.7316299399315556,3.1237854723286813,2.746743320529516,2.6106161839154063,2.9408570838911556,0.14152744044482812,-0.14152744044482812,
PGS004840,T2D,reweight_exp,kendall_w,0.06666666666666667,,,0.07361111111111111,,,-0.0069444444444444475,0.0069444444444444475,
PGS004840,T2D,reweight_exp,median_I2_retained,0.0,,,0.0,,,0.0,0.0,447882.0
PGS004840,T2D,reweight_exp,mean_sign_concordance_retained,0.6334612965583801,,,0.6334612965583801,,,0.0,0.0,447882.0
PGS004840,T2D,reweight_exp,weight_retained_frac,0.3325235928493109,,,1.0,,,-0.6674764071506891,0.6674764071506891,
PGS004840,T2D,reweight_exp,tail5_frac_AFR,1.0,,,0.9603174603174603,,,0.03968253968253965,,
PGS004840,T2D,reweight_exp,tail5_frac_AMR,0.0,,,0.0,,,0.0,,
PGS004840,T2D,reweight_exp,tail5_frac_EAS,0.0,,,0.031746031746031744,,,-0.031746031746031744,,
PGS004840,T2D,reweight_exp,tail5_frac_EUR,0.0,,,0.0,,,0.0,,
PGS004840,T2D,reweight_exp,tail5_frac_SAS,0.0,,,0.007936507936507936,,,-0.007936507936507936,,
PGS004840,T2D,reweight_exp,tail5_ancestry_L1,0.07936507936507933,,,0.0,,,0.07936507936507933,,
PGS000018,T2D,flag,mean_abs_delta_EUR,1.4433717744989998,1.2771701415419099,1.5636068921357757,1.4433717744989998,1.2771701415419099,1.5636068921357757,0.0,0.0,
PGS000018,T2D,flag,kendall_w,0.1654320987654321,,,0.07361111111111111,,,0.09182098765432099,-0.09182098765432099,
PGS000018,T2D,flag,median_I2_retained,0.0,,,0.0,,,0.0,0.0,89381.0
PGS000018,T2D,flag,mean_sign_concordance_retained,0.6305486559867859,,,0.6305486559867859,,,0.0,0.0,89381.0
PGS000018,T2D,flag,weight_retained_frac,1.0,,,1.0,,,0.0,0.0,
PGS000018,T2D,flag,tail5_frac_AFR,0.0,,,0.0,,,0.0,,
PGS000018,T2D,flag,tail5_frac_AMR,0.10317460317460317,,,0.10317460317460317,,,0.0,,
PGS000018,T2D,flag,tail5_frac_EAS,0.2222222222222222,,,0.2222222222222222,,,0.0,,
PGS000018,T2D,flag,tail5_frac_EUR,0.6746031746031746,,,0.6746031746031746,,,0.0,,
PGS000018,T2D,flag,tail5_frac_SAS,0.0,,,0.0,,,0.0,,
PGS000018,T2D,flag,tail5_ancestry_L1,0.0,,,0.0,,,0.0,,
PGS004696,CAD,flag,mean_abs_delta_EUR,4.276596184543395,4.054897571517985,4.555738377815027,4.276596184543395,4.054897571517985,4.555738377815027,0.0,0.0,
PGS004696,CAD,flag,kendall_w,0.1654320987654321,,,0.07361111111111111,,,0.09182098765432099,-0.09182098765432099,
PGS004696,CAD,flag,median_I2_retained,0.0,,,0.0,,,0.0,0.0,66762.0
PGS004696,CAD,flag,mean_sign_concordance_retained,0.6266543865203857,,,0.6266543865203857,,,0.0,0.0,66762.0
PGS004696,CAD,flag,weight_retained_frac,1.0,,,1.0,,,0.0,0.0,
PGS004696,CAD,flag,tail5_frac_AFR,0.05555555555555555,,,0.05555555555555555,,,0.0,,
PGS004696,CAD,flag,tail5_frac_AMR,0.23015873015873015,,,0.23015873015873015,,,0.0,,
PGS004696,CAD,flag,tail5_frac_EAS,0.7142857142857143,,,0.7142857142857143,,,0.0,,
PGS004696,CAD,flag,tail5_frac_EUR,0.0,,,0.0,,,0.0,,
PGS004696,CAD,flag,tail5_frac_SAS,0.0,,,0.0,,,0.0,,
PGS004696,CAD,flag,tail5_ancestry_L1,0.0,,,0.0,,,0.0,,
PGS004698,CAD,flag,mean_abs_delta_EUR,3.583552893569205,3.391348828746542,3.8254884347323865,3.655455560197489,3.4795518987265246,3.8533583494961374,-0.07190266662828426,0.07190266662828426,
PGS004698,CAD,flag,kendall_w,0.1654320987654321,,,0.07361111111111111,,,0.09182098765432099,-0.09182098765432099,
PGS004698,CAD,flag,median_I2_retained,0.0,,,0.0,,,0.0,0.0,46961.0
PGS004698,CAD,flag,mean_sign_concordance_retained,0.6355894207954407,,,0.6355894207954407,,,0.0,0.0,46961.0
PGS004698,CAD,flag,weight_retained_frac,1.0,,,1.0,,,0.0,0.0,
PGS004698,CAD,flag,tail5_frac_AFR,0.5555555555555556,,,0.7301587301587301,,,-0.17460317460317454,,
PGS004698,CAD,flag,tail5_frac_AMR,0.14285714285714285,,,0.09523809523809523,,,0.047619047619047616,,
PGS004698,CAD,flag,tail5_frac_EAS,0.30158730158730157,,,0.1746031746031746,,,0.12698412698412698,,
PGS004698,CAD,flag,tail5_frac_EUR,0.0,,,0.0,,,0.0,,
PGS004698,CAD,flag,tail5_frac_SAS,0.0,,,0.0,,,0.0,,
PGS004698,CAD,flag,tail5_ancestry_L1,0.34920634920634913,,,0.0,,,0.34920634920634913,,
PGS003897,BMI,flag,mean_abs_delta_EUR,0.24074806570109797,0.20824358123211123,0.2925655743313509,0.24074806570109797,0.20824358123211123,0.2925655743313509,0.0,0.0,
PGS003897,BMI,flag,kendall_w,0.1654320987654321,,,0.07361111111111111,,,0.09182098765432099,-0.09182098765432099,
PGS003897,BMI,flag,median_I2_retained,0.37224072217941284,,,0.37224072217941284,,,0.0,0.0,14556.0
PGS003897,BMI,flag,mean_sign_concordance_retained,0.5602743029594421,,,0.5602743029594421,,,0.0,0.0,14556.0
PGS003897,BMI,flag,weight_retained_frac,1.0,,,1.0,,,0.0,0.0,
PGS003897,BMI,flag,tail5_frac_AFR,0.23809523809523808,,,0.23809523809523808,,,0.0,,
PGS003897,BMI,flag,tail5_frac_AMR,0.19047619047619047,,,0.19047619047619047,,,0.0,,
PGS003897,BMI,flag,tail5_frac_EAS,0.0873015873015873,,,0.0873015873015873,,,0.0,,
PGS003897,BMI,flag,tail5_frac_EUR,0.3253968253968254,,,0.3253968253968254,,,0.0,,
PGS003897,BMI,flag,tail5_frac_SAS,0.15873015873015872,,,0.15873015873015872,,,0.0,,
PGS003897,BMI,flag,tail5_ancestry_L1,0.0,,,0.0,,,0.0,,
PGS002853,LDL,flag,mean_abs_delta_EUR,0.25989511412259914,0.18101813374665499,0.3492223280883946,0.25989511412259914,0.18101813374665499,0.3492223280883946,0.0,0.0,
PGS002853,LDL,flag,kendall_w,0.1654320987654321,,,0.07361111111111111,,,0.09182098765432099,-0.09182098765432099,
PGS002853,LDL,flag,median_I2_retained,0.048609644174575806,,,0.048609644174575806,,,0.0,0.0,535800.0
PGS002853,LDL,flag,mean_sign_concordance_retained,0.5854026675224304,,,0.5854026675224304,,,0.0,0.0,535800.0
PGS002853,LDL,flag,weight_retained_frac,1.0,,,1.0,,,0.0,0.0,
PGS002853,LDL,flag,tail5_frac_AFR,0.23809523809523808,,,0.23809523809523808,,,0.0,,
PGS002853,LDL,flag,tail5_frac_AMR,0.2222222222222222,,,0.2222222222222222,,,0.0,,
PGS002853,LDL,flag,tail5_frac_EAS,0.14285714285714285,,,0.14285714285714285,,,0.0,,
PGS002853,LDL,flag,tail5_frac_EUR,0.14285714285714285,,,0.14285714285714285,,,0.0,,
PGS002853,LDL,flag,tail5_frac_SAS,0.25396825396825395,,,0.25396825396825395,,,0.0,,
PGS002853,LDL,flag,tail5_ancestry_L1,0.0,,,0.0,,,0.0,,
PGS002858,LDL,flag,mean_abs_delta_EUR,0.37752654635908756,0.2835154317544518,0.47601197251214317,0.37752654635908756,0.2835154317544518,0.47601197251214317,0.0,0.0,
PGS002858,LDL,flag,kendall_w,0.1654320987654321,,,0.07361111111111111,,,0.09182098765432099,-0.09182098765432099,
PGS002858,LDL,flag,median_I2_retained,0.048610735684633255,,,0.048610735684633255,,,0.0,0.0,535799.0
PGS002858,LDL,flag,mean_sign_concordance_retained,0.5854030251502991,,,0.5854030251502991,,,0.0,0.0,535799.0
PGS002858,LDL,flag,weight_retained_frac,1.0,,,1.0,,,0.0,0.0,
PGS002858,LDL,flag,tail5_frac_AFR,0.2698412698412698,,,0.2698412698412698,,,0.0,,
PGS002858,LDL,flag,tail5_frac_AMR,0.18253968253968253,,,0.18253968253968253,,,0.0,,
PGS002858,LDL,flag,tail5_frac_EAS,0.10317460317460317,,,0.10317460317460317,,,0.0,,
PGS002858,LDL,flag,tail5_frac_EUR,0.10317460317460317,,,0.10317460317460317,,,0.0,,
PGS002858,LDL,flag,tail5_frac_SAS,0.3412698412698413,,,0.3412698412698413,,,0.0,,
PGS002858,LDL,flag,tail5_ancestry_L1,0.0,,,0.0,,,0.0,,
PGS003092,BMI,flag,mean_abs_delta_EUR,0.13915881687732967,0.11703606386545223,0.20812554742010747,0.3476313487872348,0.2899153501090985,0.4131796117324976,-0.2084725319099051,0.2084725319099051,
PGS003092,BMI,flag,kendall_w,0.1654320987654321,,,0.07361111111111111,,,0.09182098765432099,-0.09182098765432099,
PGS003092,BMI,flag,median_I2_retained,0.16855233907699585,,,0.16855233907699585,,,0.0,0.0,1057462.0
PGS003092,BMI,flag,mean_sign_concordance_retained,0.5798572897911072,,,0.5798572897911072,,,0.0,0.0,1057462.0
PGS003092,BMI,flag,weight_retained_frac,1.0,,,1.0,,,0.0,0.0,
PGS003092,BMI,flag,tail5_frac_AFR,0.07142857142857142,,,0.031746031746031744,,,0.03968253968253968,,
PGS003092,BMI,flag,tail5_frac_AMR,0.15079365079365079,,,0.1349206349206349,,,0.015873015873015872,,
PGS003092,BMI,flag,tail5_frac_EAS,0.1349206349206349,,,0.3253968253968254,,,-0.1904761904761905,,
PGS003092,BMI,flag,tail5_frac_EUR,0.2619047619047619,,,0.20634920634920634,,,0.05555555555555558,,
PGS003092,BMI,flag,tail5_frac_SAS,0.38095238095238093,,,0.30158730158730157,,,0.07936507936507936,,
PGS003092,BMI,flag,tail5_ancestry_L1,0.380952380952381,,,0.0,,,0.380952380952381,,
PGS000014,CAD,flag,mean_abs_delta_EUR,3.2858948577529574,3.0790986660489685,3.533597588592958,3.498806555533649,3.280194210648079,3.7982305628079067,-0.21291169778069152,0.21291169778069152,
PGS000014,CAD,flag,kendall_w,0.1654320987654321,,,0.07361111111111111,,,0.09182098765432099,-0.09182098765432099,
PGS000014,CAD,flag,median_I2_retained,0.0,,,0.0,,,0.0,0.0,324518.0
PGS000014,CAD,flag,mean_sign_concordance_retained,0.6188855171203613,,,0.6188855171203613,,,0.0,0.0,324518.0
PGS000014,CAD,flag,weight_retained_frac,1.0,,,1.0,,,0.0,0.0,
PGS000014,CAD,flag,tail5_frac_AFR,0.7698412698412699,,,0.4365079365079365,,,0.33333333333333337,,
PGS000014,CAD,flag,tail5_frac_AMR,0.0,,,0.0,,,0.0,,
PGS000014,CAD,flag,tail5_frac_EAS,0.2222222222222222,,,0.5634920634920635,,,-0.3412698412698413,,
PGS000014,CAD,flag,tail5_frac_EUR,0.0,,,0.0,,,0.0,,
PGS000014,CAD,flag,tail5_frac_SAS,0.007936507936507936,,,0.0,,,0.007936507936507936,,
PGS000014,CAD,flag,tail5_ancestry_L1,0.6825396825396826,,,0.0,,,0.6825396825396826,,
PGS004840,T2D,flag,mean_abs_delta_EUR,2.746743320529516,2.6106161839154063,2.9408570838911556,2.746743320529516,2.6106161839154063,2.9408570838911556,0.0,0.0,
PGS004840,T2D,flag,kendall_w,0.1654320987654321,,,0.07361111111111111,,,0.09182098765432099,-0.09182098765432099,
PGS004840,T2D,flag,median_I2_retained,0.0,,,0.0,,,0.0,0.0,447882.0
PGS004840,T2D,flag,mean_sign_concordance_retained,0.6334612965583801,,,0.6334612965583801,,,0.0,0.0,447882.0
PGS004840,T2D,flag,weight_retained_frac,1.0,,,1.0,,,0.0,0.0,
PGS004840,T2D,flag,tail5_frac_AFR,0.9603174603174603,,,0.9603174603174603,,,0.0,,
PGS004840,T2D,flag,tail5_frac_AMR,0.0,,,0.0,,,0.0,,
PGS004840,T2D,flag,tail5_frac_EAS,0.031746031746031744,,,0.031746031746031744,,,0.0,,
PGS004840,T2D,flag,tail5_frac_EUR,0.0,,,0.0,,,0.0,,
PGS004840,T2D,flag,tail5_frac_SAS,0.007936507936507936,,,0.007936507936507936,,,0.0,,
PGS004840,T2D,flag,tail5_ancestry_L1,0.0,,,0.0,,,0.0,,
PGS000191,WBC,random,mean_abs_delta_EUR,0.3892913358024602,0.3145191448210685,0.4609220225279594,0.43059320240302235,0.3577438058722341,0.5029273611823771,-0.04130186660056212,0.04130186660056212,
PGS000191,WBC,random,kendall_w,0.022222222222222223,,,0.07361111111111111,,,-0.05138888888888889,0.05138888888888889,
PGS000191,WBC,random,median_I2_retained,,,,,,,,,0.0
PGS000191,WBC,random,mean_sign_concordance_retained,,,,,,,,,0.0
PGS000191,WBC,random,weight_retained_frac,0.9104873848957759,,,1.0,,,-0.08951261510422415,0.08951261510422415,
PGS000191,WBC,random,tail5_frac_AFR,0.7063492063492064,,,0.753968253968254,,,-0.04761904761904756,,
PGS000191,WBC,random,tail5_frac_AMR,0.11904761904761904,,,0.0873015873015873,,,0.031746031746031744,,
PGS000191,WBC,random,tail5_frac_EAS,0.05555555555555555,,,0.047619047619047616,,,0.007936507936507936,,
PGS000191,WBC,random,tail5_frac_EUR,0.07142857142857142,,,0.07142857142857142,,,0.0,,
PGS000191,WBC,random,tail5_frac_SAS,0.047619047619047616,,,0.03968253968253968,,,0.007936507936507936,,
PGS000191,WBC,random,tail5_ancestry_L1,0.09523809523809518,,,0.0,,,0.09523809523809518,,
PGS004133,RA,random,mean_abs_delta_EUR,0.547403308612262,0.4912396119065746,0.5909992594679683,0.605496606405715,0.551122979760708,0.6443385830399753,-0.05809329779345296,0.05809329779345296,
PGS004133,RA,random,kendall_w,0.022222222222222223,,,0.07361111111111111,,,-0.05138888888888889,0.05138888888888889,
PGS004133,RA,random,median_I2_retained,,,,,,,,,0.0
PGS004133,RA,random,mean_sign_concordance_retained,,,,,,,,,0.0
PGS004133,RA,random,weight_retained_frac,0.9220326309824929,,,1.0,,,-0.07796736901750712,0.07796736901750712,
PGS004133,RA,random,tail5_frac_AFR,0.0,,,0.0,,,0.0,,
PGS004133,RA,random,tail5_frac_AMR,0.2857142857142857,,,0.2619047619047619,,,0.02380952380952378,,
PGS004133,RA,random,tail5_frac_EAS,0.48412698412698413,,,0.5793650793650794,,,-0.09523809523809529,,
PGS004133,RA,random,tail5_frac_EUR,0.1746031746031746,,,0.14285714285714285,,,0.031746031746031744,,
PGS004133,RA,random,tail5_frac_SAS,0.05555555555555555,,,0.015873015873015872,,,0.03968253968253968,,
PGS004133,RA,random,tail5_ancestry_L1,0.1904761904761905,,,0.0,,,0.1904761904761905,,
PGS001288,IBD,random,mean_abs_delta_EUR,0.5562565714593293,0.45229134447479286,0.6488728066875333,0.569879732237856,0.4615945899022897,0.6674980420674943,-0.013623160778526766,0.013623160778526766,
PGS001288,IBD,random,kendall_w,0.022222222222222223,,,0.07361111111111111,,,-0.05138888888888889,0.05138888888888889,
PGS001288,IBD,random,median_I2_retained,,,,,,,,,0.0
PGS001288,IBD,random,mean_sign_concordance_retained,,,,,,,,,0.0
PGS001288,IBD,random,weight_retained_frac,0.9339397084498159,,,1.0,,,-0.06606029155018411,0.06606029155018411,
PGS001288,IBD,random,tail5_frac_AFR,0.1111111111111111,,,0.09523809523809523,,,0.015873015873015872,,
PGS001288,IBD,random,tail5_frac_AMR,0.0873015873015873,,,0.07936507936507936,,,0.007936507936507936,,
PGS001288,IBD,random,tail5_frac_EAS,0.03968253968253968,,,0.03968253968253968,,,0.0,,
PGS001288,IBD,random,tail5_frac_EUR,0.5238095238095238,,,0.5317460317460317,,,-0.007936507936507908,,
PGS001288,IBD,random,tail5_frac_SAS,0.23809523809523808,,,0.25396825396825395,,,-0.015873015873015872,,
PGS001288,IBD,random,tail5_ancestry_L1,0.04761904761904759,,,0.0,,,0.04761904761904759,,
PGS000191,WBC,fst,mean_abs_delta_EUR,0.4808179798997396,0.38861047461846926,0.5642700365004623,0.43059320240302235,0.3577438058722341,0.5029273611823771,0.05022477749671728,-0.05022477749671728,
PGS000191,WBC,fst,kendall_w,0.06666666666666667,,,0.07361111111111111,,,-0.0069444444444444475,0.0069444444444444475,
PGS000191,WBC,fst,median_I2_retained,,,,,,,,,0.0
PGS000191,WBC,fst,mean_sign_concordance_retained,,,,,,,,,0.0
PGS000191,WBC,fst,weight_retained_frac,0.9136263719380079,,,1.0,,,-0.08637362806199211,0.08637362806199211,
PGS000191,WBC,fst,tail5_frac_AFR,0.5079365079365079,,,0.753968253968254,,,-0.24603174603174605,,
PGS000191,WBC,fst,tail5_frac_AMR,0.1746031746031746,,,0.0873015873015873,,,0.0873015873015873,,
PGS000191,WBC,fst,tail5_frac_EAS,0.11904761904761904,,,0.047619047619047616,,,0.07142857142857142,,
PGS000191,WBC,fst,tail5_frac_EUR,0.11904761904761904,,,0.07142857142857142,,,0.047619047619047616,,
PGS000191,WBC,fst,tail5_frac_SAS,0.07936507936507936,,,0.03968253968253968,,,0.03968253968253968,,
PGS000191,WBC,fst,tail5_ancestry_L1,0.4920634920634921,,,0.0,,,0.4920634920634921,,
PGS004133,RA,fst,mean_abs_delta_EUR,0.4380686919412445,0.39483057239931885,0.475236860851537,0.605496606405715,0.551122979760708,0.6443385830399753,-0.16742791446447053,0.16742791446447053,
PGS004133,RA,fst,kendall_w,0.06666666666666667,,,0.07361111111111111,,,-0.0069444444444444475,0.0069444444444444475,
PGS004133,RA,fst,median_I2_retained,,,,,,,,,0.0
PGS004133,RA,fst,mean_sign_concordance_retained,,,,,,,,,0.0
PGS004133,RA,fst,weight_retained_frac,0.8943611372358883,,,1.0,,,-0.10563886276411172,0.10563886276411172,
PGS004133,RA,fst,tail5_frac_AFR,0.047619047619047616,,,0.0,,,0.047619047619047616,,
PGS004133,RA,fst,tail5_frac_AMR,0.23809523809523808,,,0.2619047619047619,,,-0.023809523809523836,,
PGS004133,RA,fst,tail5_frac_EAS,0.42063492063492064,,,0.5793650793650794,,,-0.15873015873015878,,
PGS004133,RA,fst,tail5_frac_EUR,0.15873015873015872,,,0.14285714285714285,,,0.015873015873015872,,
PGS004133,RA,fst,tail5_frac_SAS,0.1349206349206349,,,0.015873015873015872,,,0.11904761904761904,,
PGS004133,RA,fst,tail5_ancestry_L1,0.3650793650793651,,,0.0,,,0.3650793650793651,,
PGS001288,IBD,fst,mean_abs_delta_EUR,0.44043964490891224,0.3497464183959972,0.534213199582469,0.569879732237856,0.4615945899022897,0.6674980420674943,-0.1294400873289438,0.1294400873289438,
PGS001288,IBD,fst,kendall_w,0.06666666666666667,,,0.07361111111111111,,,-0.0069444444444444475,0.0069444444444444475,
PGS001288,IBD,fst,median_I2_retained,,,,,,,,,0.0
PGS001288,IBD,fst,mean_sign_concordance_retained,,,,,,,,,0.0
PGS001288,IBD,fst,weight_retained_frac,0.910707589566823,,,1.0,,,-0.08929241043317704,0.08929241043317704,
PGS001288,IBD,fst,tail5_frac_AFR,0.1111111111111111,,,0.09523809523809523,,,0.015873015873015872,,
PGS001288,IBD,fst,tail5_frac_AMR,0.0873015873015873,,,0.07936507936507936,,,0.007936507936507936,,
PGS001288,IBD,fst,tail5_frac_EAS,0.047619047619047616,,,0.03968253968253968,,,0.007936507936507936,,
PGS001288,IBD,fst,tail5_frac_EUR,0.46825396825396826,,,0.5317460317460317,,,-0.06349206349206349,,
PGS001288,IBD,fst,tail5_frac_SAS,0.2857142857142857,,,0.25396825396825395,,,0.031746031746031744,,
PGS001288,IBD,fst,tail5_ancestry_L1,0.12698412698412698,,,0.0,,,0.12698412698412698,,
PGS000018,T2D,ld,mean_abs_delta_EUR,1.7686542522619106,1.5596604014787148,1.9123372819394078,1.4433717744989998,1.2771701415419099,1.5636068921357757,0.32528247776291086,-0.32528247776291086,
PGS000018,T2D,ld,kendall_w,0.145679012345679,,,0.07361111111111111,,,0.0720679012345679,-0.0720679012345679,
PGS000018,T2D,ld,median_I2_retained,0.0,,,0.0,,,0.0,0.0,69697.0
PGS000018,T2D,ld,mean_sign_concordance_retained,0.6308273077011108,,,0.6305486559867859,,,0.00027865171432495117,0.00027865171432495117,69697.0
PGS000018,T2D,ld,weight_retained_frac,0.9267939322591306,,,1.0,,,-0.07320606774086935,0.07320606774086935,
PGS000018,T2D,ld,tail5_frac_AFR,0.0,,,0.0,,,0.0,,
PGS000018,T2D,ld,tail5_frac_AMR,0.05555555555555555,,,0.10317460317460317,,,-0.047619047619047616,,
PGS000018,T2D,ld,tail5_frac_EAS,0.0,,,0.2222222222222222,,,-0.2222222222222222,,
PGS000018,T2D,ld,tail5_frac_EUR,0.9444444444444444,,,0.6746031746031746,,,0.26984126984126977,,
PGS000018,T2D,ld,tail5_frac_SAS,0.0,,,0.0,,,0.0,,
PGS000018,T2D,ld,tail5_ancestry_L1,0.5396825396825395,,,0.0,,,0.5396825396825395,,
PGS004696,CAD,ld,mean_abs_delta_EUR,4.461725702896159,4.215025118363552,4.750964682524209,4.276596184543395,4.054897571517985,4.555738377815027,0.18512951835276414,-0.18512951835276414,
PGS004696,CAD,ld,kendall_w,0.145679012345679,,,0.07361111111111111,,,0.0720679012345679,-0.0720679012345679,
PGS004696,CAD,ld,median_I2_retained,0.0,,,0.0,,,0.0,0.0,53085.0
PGS004696,CAD,ld,mean_sign_concordance_retained,0.6297627091407776,,,0.6266543865203857,,,0.0031083226203918457,0.0031083226203918457,53085.0
PGS004696,CAD,ld,weight_retained_frac,0.954908704927115,,,1.0,,,-0.04509129507288501,0.04509129507288501,
PGS004696,CAD,ld,tail5_frac_AFR,0.18253968253968253,,,0.05555555555555555,,,0.12698412698412698,,
PGS004696,CAD,ld,tail5_frac_AMR,0.18253968253968253,,,0.23015873015873015,,,-0.047619047619047616,,
PGS004696,CAD,ld,tail5_frac_EAS,0.6349206349206349,,,0.7142857142857143,,,-0.07936507936507942,,
PGS004696,CAD,ld,tail5_frac_EUR,0.0,,,0.0,,,0.0,,
PGS004696,CAD,ld,tail5_frac_SAS,0.0,,,0.0,,,0.0,,
PGS004696,CAD,ld,tail5_ancestry_L1,0.253968253968254,,,0.0,,,0.253968253968254,,
PGS004698,CAD,ld,mean_abs_delta_EUR,4.408530163854296,4.1101549770803825,4.666932744857775,3.655455560197489,3.4795518987265246,3.8533583494961374,0.753074603656807,-0.753074603656807,
PGS004698,CAD,ld,kendall_w,0.145679012345679,,,0.07361111111111111,,,0.0720679012345679,-0.0720679012345679,
PGS004698,CAD,ld,median_I2_retained,0.0,,,0.0,,,0.0,0.0,36119.0
PGS004698,CAD,ld,mean_sign_concordance_retained,0.6404342651367188,,,0.6355894207954407,,,0.004844844341278076,0.004844844341278076,36119.0
PGS004698,CAD,ld,weight_retained_frac,0.9689013450108628,,,1.0,,,-0.03109865498913722,0.03109865498913722,
PGS004698,CAD,ld,tail5_frac_AFR,0.8492063492063492,,,0.7301587301587301,,,0.11904761904761907,,
PGS004698,CAD,ld,tail5_frac_AMR,0.06349206349206349,,,0.09523809523809523,,,-0.031746031746031744,,
PGS004698,CAD,ld,tail5_frac_EAS,0.0873015873015873,,,0.1746031746031746,,,-0.0873015873015873,,
PGS004698,CAD,ld,tail5_frac_EUR,0.0,,,0.0,,,0.0,,
PGS004698,CAD,ld,tail5_frac_SAS,0.0,,,0.0,,,0.0,,
PGS004698,CAD,ld,tail5_ancestry_L1,0.2380952380952381,,,0.0,,,0.2380952380952381,,
PGS003897,BMI,ld,mean_abs_delta_EUR,0.21487655506330602,0.15672341867442835,0.282438033703716,0.24074806570109797,0.20824358123211123,0.2925655743313509,-0.025871510637791945,0.025871510637791945,
PGS003897,BMI,ld,kendall_w,0.145679012345679,,,0.07361111111111111,,,0.0720679012345679,-0.0720679012345679,
PGS003897,BMI,ld,median_I2_retained,0.3454474210739136,,,0.37224072217941284,,,-0.026793301105499268,0.026793301105499268,12527.0
PGS003897,BMI,ld,mean_sign_concordance_retained,0.5610429048538208,,,0.5602743029594421,,,0.0007686018943786621,0.0007686018943786621,12527.0
PGS003897,BMI,ld,weight_retained_frac,0.8859357361883058,,,1.0,,,-0.11406426381169421,0.11406426381169421,
PGS003897,BMI,ld,tail5_frac_AFR,0.20634920634920634,,,0.23809523809523808,,,-0.031746031746031744,,
PGS003897,BMI,ld,tail5_frac_AMR,0.15079365079365079,,,0.19047619047619047,,,-0.03968253968253968,,
PGS003897,BMI,ld,tail5_frac_EAS,0.07936507936507936,,,0.0873015873015873,,,-0.007936507936507936,,
PGS003897,BMI,ld,tail5_frac_EUR,0.30952380952380953,,,0.3253968253968254,,,-0.015873015873015872,,
PGS003897,BMI,ld,tail5_frac_SAS,0.25396825396825395,,,0.15873015873015872,,,0.09523809523809523,,
PGS003897,BMI,ld,tail5_ancestry_L1,0.19047619047619047,,,0.0,,,0.19047619047619047,,
PGS002853,LDL,ld,mean_abs_delta_EUR,0.13908094641499047,0.09390276961443092,0.22126431889582668,0.25989511412259914,0.18101813374665499,0.3492223280883946,-0.12081416770760867,0.12081416770760867,
PGS002853,LDL,ld,kendall_w,0.145679012345679,,,0.07361111111111111,,,0.0720679012345679,-0.0720679012345679,
PGS002853,LDL,ld,median_I2_retained,0.0,,,0.048609644174575806,,,-0.048609644174575806,0.048609644174575806,438261.0
PGS002853,LDL,ld,mean_sign_concordance_retained,0.5920253992080688,,,0.5854026675224304,,,0.006622731685638428,0.006622731685638428,438261.0
PGS002853,LDL,ld,weight_retained_frac,0.9681275280826424,,,1.0,,,-0.03187247191735765,0.03187247191735765,
PGS002853,LDL,ld,tail5_frac_AFR,0.20634920634920634,,,0.23809523809523808,,,-0.031746031746031744,,
PGS002853,LDL,ld,tail5_frac_AMR,0.2222222222222222,,,0.2222222222222222,,,0.0,,
PGS002853,LDL,ld,tail5_frac_EAS,0.1349206349206349,,,0.14285714285714285,,,-0.007936507936507936,,
PGS002853,LDL,ld,tail5_frac_EUR,0.14285714285714285,,,0.14285714285714285,,,0.0,,
PGS002853,LDL,ld,tail5_frac_SAS,0.29365079365079366,,,0.25396825396825395,,,0.03968253968253971,,
PGS002853,LDL,ld,tail5_ancestry_L1,0.07936507936507939,,,0.0,,,0.07936507936507939,,
PGS002858,LDL,ld,mean_abs_delta_EUR,0.22200024354681003,0.1712129282231581,0.316417186552001,0.37752654635908756,0.2835154317544518,0.47601197251214317,-0.15552630281227753,0.15552630281227753,
PGS002858,LDL,ld,kendall_w,0.145679012345679,,,0.07361111111111111,,,0.0720679012345679,-0.0720679012345679,
PGS002858,LDL,ld,median_I2_retained,0.0,,,0.048610735684633255,,,-0.048610735684633255,0.048610735684633255,438260.0
PGS002858,LDL,ld,mean_sign_concordance_retained,0.5920256972312927,,,0.5854030251502991,,,0.006622672080993652,0.006622672080993652,438260.0
PGS002858,LDL,ld,weight_retained_frac,0.9682212757720391,,,1.0,,,-0.03177872422796091,0.03177872422796091,
PGS002858,LDL,ld,tail5_frac_AFR,0.1984126984126984,,,0.2698412698412698,,,-0.07142857142857142,,
PGS002858,LDL,ld,tail5_frac_AMR,0.1746031746031746,,,0.18253968253968253,,,-0.007936507936507936,,
PGS002858,LDL,ld,tail5_frac_EAS,0.09523809523809523,,,0.10317460317460317,,,-0.007936507936507936,,
PGS002858,LDL,ld,tail5_frac_EUR,0.1111111111111111,,,0.10317460317460317,,,0.007936507936507936,,
PGS002858,LDL,ld,tail5_frac_SAS,0.42063492063492064,,,0.3412698412698413,,,0.07936507936507936,,
PGS002858,LDL,ld,tail5_ancestry_L1,0.1746031746031746,,,0.0,,,0.1746031746031746,,
PGS003092,BMI,ld,mean_abs_delta_EUR,0.14009903823680622,0.11388657569389807,0.2198262490002858,0.3476313487872348,0.2899153501090985,0.4131796117324976,-0.20753231055042856,0.20753231055042856,
PGS003092,BMI,ld,kendall_w,0.145679012345679,,,0.07361111111111111,,,0.0720679012345679,-0.0720679012345679,
PGS003092,BMI,ld,median_I2_retained,0.11900421977043152,,,0.16855233907699585,,,-0.04954811930656433,0.04954811930656433,852400.0
PGS003092,BMI,ld,mean_sign_concordance_retained,0.5841605067253113,,,0.5798572897911072,,,0.0043032169342041016,0.0043032169342041016,852400.0
PGS003092,BMI,ld,weight_retained_frac,0.9622615250673786,,,1.0,,,-0.03773847493262139,0.03773847493262139,
PGS003092,BMI,ld,tail5_frac_AFR,0.16666666666666666,,,0.031746031746031744,,,0.1349206349206349,,
PGS003092,BMI,ld,tail5_frac_AMR,0.12698412698412698,,,0.1349206349206349,,,-0.007936507936507936,,
PGS003092,BMI,ld,tail5_frac_EAS,0.10317460317460317,,,0.3253968253968254,,,-0.22222222222222224,,
PGS003092,BMI,ld,tail5_frac_EUR,0.20634920634920634,,,0.20634920634920634,,,0.0,,
PGS003092,BMI,ld,tail5_frac_SAS,0.3968253968253968,,,0.30158730158730157,,,0.09523809523809523,,
PGS003092,BMI,ld,tail5_ancestry_L1,0.46031746031746035,,,0.0,,,0.46031746031746035,,
PGS000014,CAD,ld,mean_abs_delta_EUR,3.2566861818917046,3.06866185570592,3.501112064715477,3.498806555533649,3.280194210648079,3.7982305628079067,-0.2421203736419444,0.2421203736419444,
PGS000014,CAD,ld,kendall_w,0.145679012345679,,,0.07361111111111111,,,0.0720679012345679,-0.0720679012345679,
PGS000014,CAD,ld,median_I2_retained,0.0,,,0.0,,,0.0,0.0,261194.0
PGS000014,CAD,ld,mean_sign_concordance_retained,0.6211593747138977,,,0.6188855171203613,,,0.002273857593536377,0.002273857593536377,261194.0
PGS000014,CAD,ld,weight_retained_frac,0.9393208696719776,,,1.0,,,-0.06067913032802241,0.06067913032802241,
PGS000014,CAD,ld,tail5_frac_AFR,0.9365079365079365,,,0.4365079365079365,,,0.5,,
PGS000014,CAD,ld,tail5_frac_AMR,0.0,,,0.0,,,0.0,,
PGS000014,CAD,ld,tail5_frac_EAS,0.06349206349206349,,,0.5634920634920635,,,-0.5,,
PGS000014,CAD,ld,tail5_frac_EUR,0.0,,,0.0,,,0.0,,
PGS000014,CAD,ld,tail5_frac_SAS,0.0,,,0.0,,,0.0,,
PGS000014,CAD,ld,tail5_ancestry_L1,1.0,,,0.0,,,1.0,,
PGS004840,T2D,ld,mean_abs_delta_EUR,2.8191956923674875,2.6558097602683635,3.047220539415072,2.746743320529516,2.6106161839154063,2.9408570838911556,0.07245237183797126,-0.07245237183797126,
PGS004840,T2D,ld,kendall_w,0.145679012345679,,,0.07361111111111111,,,0.0720679012345679,-0.0720679012345679,
PGS004840,T2D,ld,median_I2_retained,0.0,,,0.0,,,0.0,0.0,353529.0
PGS004840,T2D,ld,mean_sign_concordance_retained,0.632027268409729,,,0.6334612965583801,,,-0.001434028148651123,-0.001434028148651123,353529.0
PGS004840,T2D,ld,weight_retained_frac,0.9468729555804862,,,1.0,,,-0.05312704441951377,0.05312704441951377,
PGS004840,T2D,ld,tail5_frac_AFR,0.9603174603174603,,,0.9603174603174603,,,0.0,,
PGS004840,T2D,ld,tail5_frac_AMR,0.0,,,0.0,,,0.0,,
PGS004840,T2D,ld,tail5_frac_EAS,0.0,,,0.031746031746031744,,,-0.031746031746031744,,
PGS004840,T2D,ld,tail5_frac_EUR,0.03968253968253968,,,0.0,,,0.03968253968253968,,
PGS004840,T2D,ld,tail5_frac_SAS,0.0,,,0.007936507936507936,,,-0.007936507936507936,,
PGS004840,T2D,ld,tail5_ancestry_L1,0.07936507936507936,,,0.0,,,0.07936507936507936,,
PGS000191,WBC,maf,mean_abs_delta_EUR,0.3446661829450411,0.29611288766785854,0.4081559325846898,0.43059320240302235,0.3577438058722341,0.5029273611823771,-0.08592701945798126,0.08592701945798126,
PGS000191,WBC,maf,kendall_w,0.044444444444444446,,,0.07361111111111111,,,-0.029166666666666667,0.029166666666666667,
PGS000191,WBC,maf,median_I2_retained,,,,,,,,,0.0
PGS000191,WBC,maf,mean_sign_concordance_retained,,,,,,,,,0.0
PGS000191,WBC,maf,weight_retained_frac,0.7966539178410976,,,1.0,,,-0.20334608215890237,0.20334608215890237,
PGS000191,WBC,maf,tail5_frac_AFR,0.6428571428571429,,,0.753968253968254,,,-0.11111111111111105,,
PGS000191,WBC,maf,tail5_frac_AMR,0.11904761904761904,,,0.0873015873015873,,,0.031746031746031744,,
PGS000191,WBC,maf,tail5_frac_EAS,0.047619047619047616,,,0.047619047619047616,,,0.0,,
PGS000191,WBC,maf,tail5_frac_EUR,0.11904761904761904,,,0.07142857142857142,,,0.047619047619047616,,
PGS000191,WBC,maf,tail5_frac_SAS,0.07142857142857142,,,0.03968253968253968,,,0.031746031746031744,,
PGS000191,WBC,maf,tail5_ancestry_L1,0.22222222222222215,,,0.0,,,0.22222222222222215,,
PGS004133,RA,maf,mean_abs_delta_EUR,0.4099486461723507,0.3650649030108022,0.4459064715492088,0.605496606405715,0.551122979760708,0.6443385830399753,-0.1955479602333643,0.1955479602333643,
PGS004133,RA,maf,kendall_w,0.044444444444444446,,,0.07361111111111111,,,-0.029166666666666667,0.029166666666666667,
PGS004133,RA,maf,median_I2_retained,,,,,,,,,0.0
PGS004133,RA,maf,mean_sign_concordance_retained,,,,,,,,,0.0
PGS004133,RA,maf,weight_retained_frac,0.8147406053029729,,,1.0,,,-0.18525939469702712,0.18525939469702712,
PGS004133,RA,maf,tail5_frac_AFR,0.031746031746031744,,,0.0,,,0.031746031746031744,,
PGS004133,RA,maf,tail5_frac_AMR,0.2777777777777778,,,0.2619047619047619,,,0.015873015873015872,,
PGS004133,RA,maf,tail5_frac_EAS,0.42063492063492064,,,0.5793650793650794,,,-0.15873015873015878,,
PGS004133,RA,maf,tail5_frac_EUR,0.23015873015873015,,,0.14285714285714285,,,0.0873015873015873,,
PGS004133,RA,maf,tail5_frac_SAS,0.03968253968253968,,,0.015873015873015872,,,0.023809523809523808,,
PGS004133,RA,maf,tail5_ancestry_L1,0.31746031746031755,,,0.0,,,0.31746031746031755,,
PGS001288,IBD,maf,mean_abs_delta_EUR,0.6555653761895014,0.5472071081047414,0.7576811450652321,0.569879732237856,0.4615945899022897,0.6674980420674943,0.08568564395164535,-0.08568564395164535,
PGS001288,IBD,maf,kendall_w,0.044444444444444446,,,0.07361111111111111,,,-0.029166666666666667,0.029166666666666667,
PGS001288,IBD,maf,median_I2_retained,,,,,,,,,0.0
PGS001288,IBD,maf,mean_sign_concordance_retained,,,,,,,,,0.0
PGS001288,IBD,maf,weight_retained_frac,0.8094268323281469,,,1.0,,,-0.19057316767185306,0.19057316767185306,
PGS001288,IBD,maf,tail5_frac_AFR,0.11904761904761904,,,0.09523809523809523,,,0.023809523809523808,,
PGS001288,IBD,maf,tail5_frac_AMR,0.10317460317460317,,,0.07936507936507936,,,0.023809523809523808,,
PGS001288,IBD,maf,tail5_frac_EAS,0.023809523809523808,,,0.03968253968253968,,,-0.015873015873015872,,
PGS001288,IBD,maf,tail5_frac_EUR,0.5396825396825397,,,0.5317460317460317,,,0.007936507936507908,,
PGS001288,IBD,maf,tail5_frac_SAS,0.21428571428571427,,,0.25396825396825395,,,-0.03968253968253968,,
PGS001288,IBD,maf,tail5_ancestry_L1,0.11111111111111108,,,0.0,,,0.11111111111111108,,
PGS000191,WBC,duffy_gate,mean_abs_delta_EUR,0.4296333266653065,0.3524659825253208,0.5028678227688118,0.43059320240302235,0.3577438058722341,0.5029273611823771,-0.0009598757377158318,0.0009598757377158318,
PGS000191,WBC,duffy_gate,kendall_w,0.022222222222222223,,,0.07361111111111111,,,-0.05138888888888889,0.05138888888888889,
PGS000191,WBC,duffy_gate,median_I2_retained,,,,,,,,,0.0
PGS000191,WBC,duffy_gate,mean_sign_concordance_retained,,,,,,,,,0.0
PGS000191,WBC,duffy_gate,weight_retained_frac,0.9831417352363726,,,1.0,,,-0.016858264763627395,0.016858264763627395,
PGS000191,WBC,duffy_gate,tail5_frac_AFR,0.7301587301587301,,,0.753968253968254,,,-0.023809523809523836,,
PGS000191,WBC,duffy_gate,tail5_frac_AMR,0.09523809523809523,,,0.0873015873015873,,,0.007936507936507936,,
PGS000191,WBC,duffy_gate,tail5_frac_EAS,0.047619047619047616,,,0.047619047619047616,,,0.0,,
PGS000191,WBC,duffy_gate,tail5_frac_EUR,0.07142857142857142,,,0.07142857142857142,,,0.0,,
PGS000191,WBC,duffy_gate,tail5_frac_SAS,0.05555555555555555,,,0.03968253968253968,,,0.015873015873015872,,
PGS000191,WBC,duffy_gate,tail5_ancestry_L1,0.047619047619047644,,,0.0,,,0.047619047619047644,,
PGS004133,RA,duffy_gate,mean_abs_delta_EUR,0.6054966064057149,0.551122979760708,0.6443385830399752,0.605496606405715,0.551122979760708,0.6443385830399753,-1.1102230246251565e-16,1.1102230246251565e-16,
PGS004133,RA,duffy_gate,kendall_w,0.022222222222222223,,,0.07361111111111111,,,-0.05138888888888889,0.05138888888888889,
PGS004133,RA,duffy_gate,median_I2_retained,,,,,,,,,0.0
PGS004133,RA,duffy_gate,mean_sign_concordance_retained,,,,,,,,,0.0
PGS004133,RA,duffy_gate,weight_retained_frac,1.0,,,1.0,,,0.0,0.0,
PGS004133,RA,duffy_gate,tail5_frac_AFR,0.0,,,0.0,,,0.0,,
PGS004133,RA,duffy_gate,tail5_frac_AMR,0.2619047619047619,,,0.2619047619047619,,,0.0,,
PGS004133,RA,duffy_gate,tail5_frac_EAS,0.5793650793650794,,,0.5793650793650794,,,0.0,,
PGS004133,RA,duffy_gate,tail5_frac_EUR,0.14285714285714285,,,0.14285714285714285,,,0.0,,
PGS004133,RA,duffy_gate,tail5_frac_SAS,0.015873015873015872,,,0.015873015873015872,,,0.0,,
PGS004133,RA,duffy_gate,tail5_ancestry_L1,0.0,,,0.0,,,0.0,,
PGS001288,IBD,duffy_gate,mean_abs_delta_EUR,0.569879732237856,0.4615945899022897,0.6674980420674943,0.569879732237856,0.4615945899022897,0.6674980420674943,0.0,0.0,
PGS001288,IBD,duffy_gate,kendall_w,0.022222222222222223,,,0.07361111111111111,,,-0.05138888888888889,0.05138888888888889,
PGS001288,IBD,duffy_gate,median_I2_retained,,,,,,,,,0.0
PGS001288,IBD,duffy_gate,mean_sign_concordance_retained,,,,,,,,,0.0
PGS001288,IBD,duffy_gate,weight_retained_frac,1.0,,,1.0,,,0.0,0.0,
PGS001288,IBD,duffy_gate,tail5_frac_AFR,0.09523809523809523,,,0.09523809523809523,,,0.0,,
PGS001288,IBD,duffy_gate,tail5_frac_AMR,0.07936507936507936,,,0.07936507936507936,,,0.0,,
PGS001288,IBD,duffy_gate,tail5_frac_EAS,0.03968253968253968,,,0.03968253968253968,,,0.0,,
PGS001288,IBD,duffy_gate,tail5_frac_EUR,0.5317460317460317,,,0.5317460317460317,,,0.0,,
PGS001288,IBD,duffy_gate,tail5_frac_SAS,0.25396825396825395,,,0.25396825396825395,,,0.0,,
PGS001288,IBD,duffy_gate,tail5_ancestry_L1,0.0,,,0.0,,,0.0,,
