pgs_id,trait,mode,metric,value,baseline_value,delta_vs_baseline,reduction,n_labeled_retained
PGS000018,T2D,filter_5,mean_abs_delta_EUR,0.468205783614147,0.519831573965432,-0.051625790351285006,0.051625790351285006,
PGS000018,T2D,filter_5,kendall_w,0.24444444444444444,0.20987654320987653,0.034567901234567905,-0.034567901234567905,
PGS000018,T2D,filter_5,median_I2_retained,0.0,,,,24662.0
PGS000018,T2D,filter_5,mean_sign_concordance_retained,0.5330771072519511,,,,24662.0
PGS000018,T2D,filter_5,weight_retained_frac,0.9658664943246383,1.0,-0.034133505675361664,0.034133505675361664,
PGS004696,CAD,filter_5,mean_abs_delta_EUR,1.7250501848861832,1.8684781550176606,-0.14342797013147734,0.14342797013147734,
PGS004696,CAD,filter_5,kendall_w,0.24444444444444444,0.20987654320987653,0.034567901234567905,-0.034567901234567905,
PGS004696,CAD,filter_5,median_I2_retained,0.0,,,,17568.0
PGS004696,CAD,filter_5,mean_sign_concordance_retained,0.535479822621216,,,,17568.0
PGS004696,CAD,filter_5,weight_retained_frac,0.9704218272861227,1.0,-0.029578172713877304,0.029578172713877304,
PGS004698,CAD,filter_5,mean_abs_delta_EUR,2.8183880080186188,2.7056329067310347,0.11275510128758404,-0.11275510128758404,
PGS004698,CAD,filter_5,kendall_w,0.24444444444444444,0.20987654320987653,0.034567901234567905,-0.034567901234567905,
PGS004698,CAD,filter_5,median_I2_retained,0.0,,,,7081.0
PGS004698,CAD,filter_5,mean_sign_concordance_retained,0.5799907196320133,,,,7081.0
PGS004698,CAD,filter_5,weight_retained_frac,0.9830306212440885,1.0,-0.016969378755911535,0.016969378755911535,
PGS003897,BMI,filter_5,mean_abs_delta_EUR,0.3596420228509468,0.31602912930700666,0.04361289354394016,-0.04361289354394016,
PGS003897,BMI,filter_5,kendall_w,0.24444444444444444,0.20987654320987653,0.034567901234567905,-0.034567901234567905,
PGS003897,BMI,filter_5,median_I2_retained,0.0,,,,531.0
PGS003897,BMI,filter_5,mean_sign_concordance_retained,0.5404896421845574,,,,531.0
PGS003897,BMI,filter_5,weight_retained_frac,0.9285912739152077,1.0,-0.07140872608479232,0.07140872608479232,
PGS002853,LDL,filter_5,mean_abs_delta_EUR,0.4651247062554573,0.6219105277754151,-0.1567858215199578,0.1567858215199578,
PGS002853,LDL,filter_5,kendall_w,0.24444444444444444,0.20987654320987653,0.034567901234567905,-0.034567901234567905,
PGS002853,LDL,filter_5,median_I2_retained,0.0,,,,91798.0
PGS002853,LDL,filter_5,mean_sign_concordance_retained,0.5775635997879403,,,,91798.0
PGS002853,LDL,filter_5,weight_retained_frac,0.9675554827035735,1.0,-0.0324445172964265,0.0324445172964265,
PGS002858,LDL,filter_5,mean_abs_delta_EUR,0.5059806850408501,0.6764794315228624,-0.17049874648201224,0.17049874648201224,
PGS002858,LDL,filter_5,kendall_w,0.24444444444444444,0.20987654320987653,0.034567901234567905,-0.034567901234567905,
PGS002858,LDL,filter_5,median_I2_retained,0.0,,,,91798.0
PGS002858,LDL,filter_5,mean_sign_concordance_retained,0.5775635997879403,,,,91798.0
PGS002858,LDL,filter_5,weight_retained_frac,0.9661290335664542,1.0,-0.03387096643354581,0.03387096643354581,
PGS003092,BMI,filter_5,mean_abs_delta_EUR,0.6528017326361226,0.771490059977999,-0.1186883273418764,0.1186883273418764,
PGS003092,BMI,filter_5,kendall_w,0.24444444444444444,0.20987654320987653,0.034567901234567905,-0.034567901234567905,
PGS003092,BMI,filter_5,median_I2_retained,0.0,,,,111258.0
PGS003092,BMI,filter_5,mean_sign_concordance_retained,0.5705921200744045,,,,111258.0
PGS003092,BMI,filter_5,weight_retained_frac,0.9741999438154949,1.0,-0.025800056184505094,0.025800056184505094,
PGS000014,CAD,filter_5,mean_abs_delta_EUR,0.7082622826776059,0.7305912609326554,-0.022328978255049425,0.022328978255049425,
PGS000014,CAD,filter_5,kendall_w,0.24444444444444444,0.20987654320987653,0.034567901234567905,-0.034567901234567905,
PGS000014,CAD,filter_5,median_I2_retained,0.0,,,,88898.0
PGS000014,CAD,filter_5,mean_sign_concordance_retained,0.5315295539350073,,,,88898.0
PGS000014,CAD,filter_5,weight_retained_frac,0.9600294755740397,1.0,-0.039970524425960274,0.039970524425960274,
PGS004840,T2D,filter_5,mean_abs_delta_EUR,0.35732610894555306,0.4531671254126368,-0.09584101646708376,0.09584101646708376,
PGS004840,T2D,filter_5,kendall_w,0.24444444444444444,0.20987654320987653,0.034567901234567905,-0.034567901234567905,
PGS004840,T2D,filter_5,median_I2_retained,0.0,,,,73516.0
PGS004840,T2D,filter_5,mean_sign_concordance_retained,0.5323337452941893,,,,73516.0
PGS004840,T2D,filter_5,weight_retained_frac,0.9482333819823862,1.0,-0.05176661801761384,0.05176661801761384,
PGS000018,T2D,filter_10,mean_abs_delta_EUR,0.49109422418550286,0.519831573965432,-0.028737349779929144,0.028737349779929144,
PGS000018,T2D,filter_10,kendall_w,0.21481481481481482,0.20987654320987653,0.004938271604938288,-0.004938271604938288,
PGS000018,T2D,filter_10,median_I2_retained,0.0,,,,23335.0
PGS000018,T2D,filter_10,mean_sign_concordance_retained,0.5334044507025009,,,,23335.0
PGS000018,T2D,filter_10,weight_retained_frac,0.9316818558674926,1.0,-0.06831814413250736,0.06831814413250736,
PGS004696,CAD,filter_10,mean_abs_delta_EUR,1.6702633101579458,1.8684781550176606,-0.19821484485971474,0.19821484485971474,
PGS004696,CAD,filter_10,kendall_w,0.21481481481481482,0.20987654320987653,0.004938271604938288,-0.004938271604938288,
PGS004696,CAD,filter_10,median_I2_retained,0.0,,,,16629.0
PGS004696,CAD,filter_10,mean_sign_concordance_retained,0.5350897313643119,,,,16629.0
PGS004696,CAD,filter_10,weight_retained_frac,0.9415510917009441,1.0,-0.05844890829905591,0.05844890829905591,
PGS004698,CAD,filter_10,mean_abs_delta_EUR,2.8685880385457923,2.7056329067310347,0.16295513181475751,-0.16295513181475751,
PGS004698,CAD,filter_10,kendall_w,0.21481481481481482,0.20987654320987653,0.004938271604938288,-0.004938271604938288,
PGS004698,CAD,filter_10,median_I2_retained,0.0,,,,6646.0
PGS004698,CAD,filter_10,mean_sign_concordance_retained,0.5814267085106688,,,,6646.0
PGS004698,CAD,filter_10,weight_retained_frac,0.9654796342017283,1.0,-0.03452036579827167,0.03452036579827167,
PGS003897,BMI,filter_10,mean_abs_delta_EUR,0.3823833133238083,0.31602912930700666,0.06635418401680165,-0.06635418401680165,
PGS003897,BMI,filter_10,kendall_w,0.21481481481481482,0.20987654320987653,0.004938271604938288,-0.004938271604938288,
PGS003897,BMI,filter_10,median_I2_retained,0.0,,,,503.0
PGS003897,BMI,filter_10,mean_sign_concordance_retained,0.5413944902016472,,,,503.0
PGS003897,BMI,filter_10,weight_retained_frac,0.8713855807249937,1.0,-0.12861441927500628,0.12861441927500628,
PGS002853,LDL,filter_10,mean_abs_delta_EUR,0.3871524867847453,0.6219105277754151,-0.23475804099066983,0.23475804099066983,
PGS002853,LDL,filter_10,kendall_w,0.21481481481481482,0.20987654320987653,0.004938271604938288,-0.004938271604938288,
PGS002853,LDL,filter_10,median_I2_retained,0.0,,,,86966.0
PGS002853,LDL,filter_10,mean_sign_concordance_retained,0.5807142473851302,,,,86966.0
PGS002853,LDL,filter_10,weight_retained_frac,0.944232860479999,1.0,-0.05576713952000101,0.05576713952000101,
PGS002858,LDL,filter_10,mean_abs_delta_EUR,0.44192881097317926,0.6764794315228624,-0.23455062054968312,0.23455062054968312,
PGS002858,LDL,filter_10,kendall_w,0.21481481481481482,0.20987654320987653,0.004938271604938288,-0.004938271604938288,
PGS002858,LDL,filter_10,median_I2_retained,0.0,,,,86966.0
PGS002858,LDL,filter_10,mean_sign_concordance_retained,0.5807142473851302,,,,86966.0
PGS002858,LDL,filter_10,weight_retained_frac,0.9427081243082709,1.0,-0.05729187569172911,0.05729187569172911,
PGS003092,BMI,filter_10,mean_abs_delta_EUR,0.678185065473838,0.771490059977999,-0.09330499450416108,0.09330499450416108,
PGS003092,BMI,filter_10,kendall_w,0.21481481481481482,0.20987654320987653,0.004938271604938288,-0.004938271604938288,
PGS003092,BMI,filter_10,median_I2_retained,0.0,,,,105401.0
PGS003092,BMI,filter_10,mean_sign_concordance_retained,0.5731597152100752,,,,105401.0
PGS003092,BMI,filter_10,weight_retained_frac,0.9477303522528909,1.0,-0.05226964774710907,0.05226964774710907,
PGS000014,CAD,filter_10,mean_abs_delta_EUR,0.5589929278808319,0.7305912609326554,-0.17159833305182348,0.17159833305182348,
PGS000014,CAD,filter_10,kendall_w,0.21481481481481482,0.20987654320987653,0.004938271604938288,-0.004938271604938288,
PGS000014,CAD,filter_10,median_I2_retained,0.0,,,,84091.0
PGS000014,CAD,filter_10,mean_sign_concordance_retained,0.5311922288269342,,,,84091.0
PGS000014,CAD,filter_10,weight_retained_frac,0.9189009795569462,1.0,-0.08109902044305384,0.08109902044305384,
PGS004840,T2D,filter_10,mean_abs_delta_EUR,0.33411755235072793,0.4531671254126368,-0.11904957306190889,0.11904957306190889,
PGS004840,T2D,filter_10,kendall_w,0.21481481481481482,0.20987654320987653,0.004938271604938288,-0.004938271604938288,
PGS004840,T2D,filter_10,median_I2_retained,0.0,,,,69630.0
PGS004840,T2D,filter_10,mean_sign_concordance_retained,0.5321616982280489,,,,69630.0
PGS004840,T2D,filter_10,weight_retained_frac,0.8953374944853739,1.0,-0.10466250551462608,0.10466250551462608,
PGS000018,T2D,filter_20,mean_abs_delta_EUR,0.6077317257719795,0.519831573965432,0.08790015180654753,-0.08790015180654753,
PGS000018,T2D,filter_20,kendall_w,0.27901234567901234,0.20987654320987653,0.06913580246913581,-0.06913580246913581,
PGS000018,T2D,filter_20,median_I2_retained,0.0,,,,20681.0
PGS000018,T2D,filter_20,mean_sign_concordance_retained,0.5338969977043571,,,,20681.0
PGS000018,T2D,filter_20,weight_retained_frac,0.8573319965032347,1.0,-0.14266800349676534,0.14266800349676534,
PGS004696,CAD,filter_20,mean_abs_delta_EUR,1.5759201557184208,1.8684781550176606,-0.29255799929923976,0.29255799929923976,
PGS004696,CAD,filter_20,kendall_w,0.27901234567901234,0.20987654320987653,0.06913580246913581,-0.06913580246913581,
PGS004696,CAD,filter_20,median_I2_retained,0.0,,,,14751.0
PGS004696,CAD,filter_20,mean_sign_concordance_retained,0.5350938273757065,,,,14751.0
PGS004696,CAD,filter_20,weight_retained_frac,0.8767499868161175,1.0,-0.12325001318388251,0.12325001318388251,
PGS004698,CAD,filter_20,mean_abs_delta_EUR,2.977077530779263,2.7056329067310347,0.27144462404822844,-0.27144462404822844,
PGS004698,CAD,filter_20,kendall_w,0.27901234567901234,0.20987654320987653,0.06913580246913581,-0.06913580246913581,
PGS004698,CAD,filter_20,median_I2_retained,0.0,,,,5775.0
PGS004698,CAD,filter_20,mean_sign_concordance_retained,0.5862333539476396,,,,5775.0
PGS004698,CAD,filter_20,weight_retained_frac,0.9269243146098273,1.0,-0.07307568539017273,0.07307568539017273,
PGS003897,BMI,filter_20,mean_abs_delta_EUR,0.2534970197743131,0.31602912930700666,-0.06253210953269356,0.06253210953269356,
PGS003897,BMI,filter_20,kendall_w,0.27901234567901234,0.20987654320987653,0.06913580246913581,-0.06913580246913581,
PGS003897,BMI,filter_20,median_I2_retained,0.0,,,,447.0
PGS003897,BMI,filter_20,mean_sign_concordance_retained,0.5458080323852136,,,,447.0
PGS003897,BMI,filter_20,weight_retained_frac,0.744558502387716,1.0,-0.25544149761228396,0.25544149761228396,
PGS002853,LDL,filter_20,mean_abs_delta_EUR,0.48963256410214917,0.6219105277754151,-0.13227796367326594,0.13227796367326594,
PGS002853,LDL,filter_20,kendall_w,0.27901234567901234,0.20987654320987653,0.06913580246913581,-0.06913580246913581,
PGS002853,LDL,filter_20,median_I2_retained,0.0,,,,77302.0
PGS002853,LDL,filter_20,mean_sign_concordance_retained,0.5874301595104421,,,,77302.0
PGS002853,LDL,filter_20,weight_retained_frac,0.8898580317573165,1.0,-0.11014196824268352,0.11014196824268352,
PGS002858,LDL,filter_20,mean_abs_delta_EUR,0.46034581149748904,0.6764794315228624,-0.21613362002537334,0.21613362002537334,
PGS002858,LDL,filter_20,kendall_w,0.27901234567901234,0.20987654320987653,0.06913580246913581,-0.06913580246913581,
PGS002858,LDL,filter_20,median_I2_retained,0.0,,,,77302.0
PGS002858,LDL,filter_20,mean_sign_concordance_retained,0.5874301595104421,,,,77302.0
PGS002858,LDL,filter_20,weight_retained_frac,0.8906792998704103,1.0,-0.10932070012958972,0.10932070012958972,
PGS003092,BMI,filter_20,mean_abs_delta_EUR,0.6785362847931772,0.771490059977999,-0.09295377518482184,0.09295377518482184,
PGS003092,BMI,filter_20,kendall_w,0.27901234567901234,0.20987654320987653,0.06913580246913581,-0.06913580246913581,
PGS003092,BMI,filter_20,median_I2_retained,0.0,,,,93687.0
PGS003092,BMI,filter_20,mean_sign_concordance_retained,0.5796915971977613,,,,93687.0
PGS003092,BMI,filter_20,weight_retained_frac,0.8947098750571258,1.0,-0.10529012494287415,0.10529012494287415,
PGS000014,CAD,filter_20,mean_abs_delta_EUR,0.3862314877366764,0.7305912609326554,-0.34435977319597894,0.34435977319597894,
PGS000014,CAD,filter_20,kendall_w,0.27901234567901234,0.20987654320987653,0.06913580246913581,-0.06913580246913581,
PGS000014,CAD,filter_20,median_I2_retained,0.0,,,,74477.0
PGS000014,CAD,filter_20,mean_sign_concordance_retained,0.5310094775184668,,,,74477.0
PGS000014,CAD,filter_20,weight_retained_frac,0.8311980781170445,1.0,-0.1688019218829555,0.1688019218829555,
PGS004840,T2D,filter_20,mean_abs_delta_EUR,0.17719619777397105,0.4531671254126368,-0.27597092763866576,0.27597092763866576,
PGS004840,T2D,filter_20,kendall_w,0.27901234567901234,0.20987654320987653,0.06913580246913581,-0.06913580246913581,
PGS004840,T2D,filter_20,median_I2_retained,0.0,,,,61857.0
PGS004840,T2D,filter_20,mean_sign_concordance_retained,0.5313562694909996,,,,61857.0
PGS004840,T2D,filter_20,weight_retained_frac,0.7890661385509538,1.0,-0.21093386144904624,0.21093386144904624,
PGS000018,T2D,reweight_linear,mean_abs_delta_EUR,0.555133805832521,0.519831573965432,0.03530223186708903,-0.03530223186708903,
PGS000018,T2D,reweight_linear,kendall_w,0.21728395061728395,0.20987654320987653,0.007407407407407418,-0.007407407407407418,
PGS000018,T2D,reweight_linear,median_I2_retained,0.0,,,,25988.0
PGS000018,T2D,reweight_linear,mean_sign_concordance_retained,0.5338114844213814,,,,25988.0
PGS000018,T2D,reweight_linear,weight_retained_frac,0.7783158905658604,1.0,-0.22168410943413963,0.22168410943413963,
PGS004696,CAD,reweight_linear,mean_abs_delta_EUR,1.776995798799793,1.8684781550176606,-0.09148235621786749,0.09148235621786749,
PGS004696,CAD,reweight_linear,kendall_w,0.21728395061728395,0.20987654320987653,0.007407407407407418,-0.007407407407407418,
PGS004696,CAD,reweight_linear,median_I2_retained,0.0,,,,18506.0
PGS004696,CAD,reweight_linear,mean_sign_concordance_retained,0.5358666172618405,,,,18506.0
PGS004696,CAD,reweight_linear,weight_retained_frac,0.753029061804006,1.0,-0.24697093819599403,0.24697093819599403,
PGS004698,CAD,reweight_linear,mean_abs_delta_EUR,2.841642416588274,2.7056329067310347,0.13600950985723914,-0.13600950985723914,
PGS004698,CAD,reweight_linear,kendall_w,0.21728395061728395,0.20987654320987653,0.007407407407407418,-0.007407407407407418,
PGS004698,CAD,reweight_linear,median_I2_retained,0.0,,,,7516.0
PGS004698,CAD,reweight_linear,mean_sign_concordance_retained,0.579080184495299,,,,7516.0
PGS004698,CAD,reweight_linear,weight_retained_frac,0.8164112471651347,1.0,-0.1835887528348653,0.1835887528348653,
PGS003897,BMI,reweight_linear,mean_abs_delta_EUR,0.25977990542212737,0.31602912930700666,-0.056249223884879296,0.056249223884879296,
PGS003897,BMI,reweight_linear,kendall_w,0.21728395061728395,0.20987654320987653,0.007407407407407418,-0.007407407407407418,
PGS003897,BMI,reweight_linear,median_I2_retained,0.023580969320334787,,,,559.0
PGS003897,BMI,reweight_linear,mean_sign_concordance_retained,0.5418263906635999,,,,559.0
PGS003897,BMI,reweight_linear,weight_retained_frac,0.6660241070532202,1.0,-0.33397589294677976,0.33397589294677976,
PGS002853,LDL,reweight_linear,mean_abs_delta_EUR,0.42674789208427943,0.6219105277754151,-0.19516263569113568,0.19516263569113568,
PGS002853,LDL,reweight_linear,kendall_w,0.21728395061728395,0.20987654320987653,0.007407407407407418,-0.007407407407407418,
PGS002853,LDL,reweight_linear,median_I2_retained,0.0,,,,96630.0
PGS002853,LDL,reweight_linear,mean_sign_concordance_retained,0.5746628770518867,,,,96630.0
PGS002853,LDL,reweight_linear,weight_retained_frac,0.815582654746964,1.0,-0.184417345253036,0.184417345253036,
PGS002858,LDL,reweight_linear,mean_abs_delta_EUR,0.5027167525190052,0.6764794315228624,-0.17376267900385722,0.17376267900385722,
PGS002858,LDL,reweight_linear,kendall_w,0.21728395061728395,0.20987654320987653,0.007407407407407418,-0.007407407407407418,
PGS002858,LDL,reweight_linear,median_I2_retained,0.0,,,,96630.0
PGS002858,LDL,reweight_linear,mean_sign_concordance_retained,0.5746628770518867,,,,96630.0
PGS002858,LDL,reweight_linear,weight_retained_frac,0.8151177795273724,1.0,-0.1848822204726276,0.1848822204726276,
PGS003092,BMI,reweight_linear,mean_abs_delta_EUR,0.6836003550322793,0.771490059977999,-0.08788970494571968,0.08788970494571968,
PGS003092,BMI,reweight_linear,kendall_w,0.21728395061728395,0.20987654320987653,0.007407407407407418,-0.007407407407407418,
PGS003092,BMI,reweight_linear,median_I2_retained,0.0,,,,117114.0
PGS003092,BMI,reweight_linear,mean_sign_concordance_retained,0.5683136577547152,,,,117114.0
PGS003092,BMI,reweight_linear,weight_retained_frac,0.812335626061977,1.0,-0.18766437393802304,0.18766437393802304,
PGS000014,CAD,reweight_linear,mean_abs_delta_EUR,0.5489973895455726,0.7305912609326554,-0.18159387138708272,0.18159387138708272,
PGS000014,CAD,reweight_linear,kendall_w,0.21728395061728395,0.20987654320987653,0.007407407407407418,-0.007407407407407418,
PGS000014,CAD,reweight_linear,median_I2_retained,0.0,,,,93704.0
PGS000014,CAD,reweight_linear,mean_sign_concordance_retained,0.5319276150227871,,,,93704.0
PGS000014,CAD,reweight_linear,weight_retained_frac,0.7388884708582775,1.0,-0.26111152914172253,0.26111152914172253,
PGS004840,T2D,reweight_linear,mean_abs_delta_EUR,0.2980308260977962,0.4531671254126368,-0.15513629931484063,0.15513629931484063,
PGS004840,T2D,reweight_linear,kendall_w,0.21728395061728395,0.20987654320987653,0.007407407407407418,-0.007407407407407418,
PGS004840,T2D,reweight_linear,median_I2_retained,0.0,,,,77402.0
PGS004840,T2D,reweight_linear,mean_sign_concordance_retained,0.5337009564167777,,,,77402.0
PGS004840,T2D,reweight_linear,weight_retained_frac,0.7089857946280621,1.0,-0.2910142053719379,0.2910142053719379,
PGS000018,T2D,reweight_exp,mean_abs_delta_EUR,0.6270657007884708,0.519831573965432,0.10723412682303879,-0.10723412682303879,
PGS000018,T2D,reweight_exp,kendall_w,0.3160493827160494,0.20987654320987653,0.10617283950617284,-0.10617283950617284,
PGS000018,T2D,reweight_exp,median_I2_retained,0.0,,,,25988.0
PGS000018,T2D,reweight_exp,mean_sign_concordance_retained,0.5338114844213814,,,,25988.0
PGS000018,T2D,reweight_exp,weight_retained_frac,0.5387058538401893,1.0,-0.4612941461598107,0.4612941461598107,
PGS004696,CAD,reweight_exp,mean_abs_delta_EUR,1.822642019158129,1.8684781550176606,-0.04583613585953161,0.04583613585953161,
PGS004696,CAD,reweight_exp,kendall_w,0.3160493827160494,0.20987654320987653,0.10617283950617284,-0.10617283950617284,
PGS004696,CAD,reweight_exp,median_I2_retained,0.0,,,,18506.0
PGS004696,CAD,reweight_exp,mean_sign_concordance_retained,0.5358666172618405,,,,18506.0
PGS004696,CAD,reweight_exp,weight_retained_frac,0.5180877332410949,1.0,-0.4819122667589051,0.4819122667589051,
PGS004698,CAD,reweight_exp,mean_abs_delta_EUR,2.9549458832893647,2.7056329067310347,0.24931297655832996,-0.24931297655832996,
PGS004698,CAD,reweight_exp,kendall_w,0.3160493827160494,0.20987654320987653,0.10617283950617284,-0.10617283950617284,
PGS004698,CAD,reweight_exp,median_I2_retained,0.0,,,,7516.0
PGS004698,CAD,reweight_exp,mean_sign_concordance_retained,0.579080184495299,,,,7516.0
PGS004698,CAD,reweight_exp,weight_retained_frac,0.5951584576246388,1.0,-0.4048415423753612,0.4048415423753612,
PGS003897,BMI,reweight_exp,mean_abs_delta_EUR,0.17185623637509656,0.31602912930700666,-0.1441728929319101,0.1441728929319101,
PGS003897,BMI,reweight_exp,kendall_w,0.3160493827160494,0.20987654320987653,0.10617283950617284,-0.10617283950617284,
PGS003897,BMI,reweight_exp,median_I2_retained,0.023580969320334787,,,,559.0
PGS003897,BMI,reweight_exp,mean_sign_concordance_retained,0.5418263906635999,,,,559.0
PGS003897,BMI,reweight_exp,weight_retained_frac,0.4187938160027504,1.0,-0.5812061839972495,0.5812061839972495,
PGS002853,LDL,reweight_exp,mean_abs_delta_EUR,0.37170811669116444,0.6219105277754151,-0.2502024110842507,0.2502024110842507,
PGS002853,LDL,reweight_exp,kendall_w,0.3160493827160494,0.20987654320987653,0.10617283950617284,-0.10617283950617284,
PGS002853,LDL,reweight_exp,median_I2_retained,0.0,,,,96630.0
PGS002853,LDL,reweight_exp,mean_sign_concordance_retained,0.5746628770518867,,,,96630.0
PGS002853,LDL,reweight_exp,weight_retained_frac,0.6146916336225943,1.0,-0.38530836637740573,0.38530836637740573,
PGS002858,LDL,reweight_exp,mean_abs_delta_EUR,0.4766767255984684,0.6764794315228624,-0.19980270592439398,0.19980270592439398,
PGS002858,LDL,reweight_exp,kendall_w,0.3160493827160494,0.20987654320987653,0.10617283950617284,-0.10617283950617284,
PGS002858,LDL,reweight_exp,median_I2_retained,0.0,,,,96630.0
PGS002858,LDL,reweight_exp,mean_sign_concordance_retained,0.5746628770518867,,,,96630.0
PGS002858,LDL,reweight_exp,weight_retained_frac,0.614384686559514,1.0,-0.38561531344048605,0.38561531344048605,
PGS003092,BMI,reweight_exp,mean_abs_delta_EUR,0.6968838024499294,0.771490059977999,-0.0746062575280696,0.0746062575280696,
PGS003092,BMI,reweight_exp,kendall_w,0.3160493827160494,0.20987654320987653,0.10617283950617284,-0.10617283950617284,
PGS003092,BMI,reweight_exp,median_I2_retained,0.0,,,,117114.0
PGS003092,BMI,reweight_exp,mean_sign_concordance_retained,0.5683136577547152,,,,117114.0
PGS003092,BMI,reweight_exp,weight_retained_frac,0.6088270090374038,1.0,-0.39117299096259617,0.39117299096259617,
PGS000014,CAD,reweight_exp,mean_abs_delta_EUR,0.43799419686913665,0.7305912609326554,-0.2925970640635187,0.2925970640635187,
PGS000014,CAD,reweight_exp,kendall_w,0.3160493827160494,0.20987654320987653,0.10617283950617284,-0.10617283950617284,
PGS000014,CAD,reweight_exp,median_I2_retained,0.0,,,,93704.0
PGS000014,CAD,reweight_exp,mean_sign_concordance_retained,0.5319276150227871,,,,93704.0
PGS000014,CAD,reweight_exp,weight_retained_frac,0.5016972988210654,1.0,-0.4983027011789346,0.4983027011789346,
PGS004840,T2D,reweight_exp,mean_abs_delta_EUR,0.2117209830592828,0.4531671254126368,-0.24144614235335402,0.24144614235335402,
PGS004840,T2D,reweight_exp,kendall_w,0.3160493827160494,0.20987654320987653,0.10617283950617284,-0.10617283950617284,
PGS004840,T2D,reweight_exp,median_I2_retained,0.0,,,,77402.0
PGS004840,T2D,reweight_exp,mean_sign_concordance_retained,0.5337009564167777,,,,77402.0
PGS004840,T2D,reweight_exp,weight_retained_frac,0.4696878537306319,1.0,-0.5303121462693681,0.5303121462693681,
PGS000018,T2D,flag,mean_abs_delta_EUR,0.519831573965432,0.519831573965432,0.0,0.0,
PGS000018,T2D,flag,kendall_w,0.20987654320987653,0.20987654320987653,0.0,0.0,
PGS000018,T2D,flag,median_I2_retained,0.0,,,,25988.0
PGS000018,T2D,flag,mean_sign_concordance_retained,0.5338114844213814,,,,25988.0
PGS000018,T2D,flag,weight_retained_frac,1.0,1.0,0.0,0.0,
PGS004696,CAD,flag,mean_abs_delta_EUR,1.8684781550176606,1.8684781550176606,0.0,0.0,
PGS004696,CAD,flag,kendall_w,0.20987654320987653,0.20987654320987653,0.0,0.0,
PGS004696,CAD,flag,median_I2_retained,0.0,,,,18506.0
PGS004696,CAD,flag,mean_sign_concordance_retained,0.5358666172618405,,,,18506.0
PGS004696,CAD,flag,weight_retained_frac,1.0,1.0,0.0,0.0,
PGS004698,CAD,flag,mean_abs_delta_EUR,2.7056329067310347,2.7056329067310347,0.0,0.0,
PGS004698,CAD,flag,kendall_w,0.20987654320987653,0.20987654320987653,0.0,0.0,
PGS004698,CAD,flag,median_I2_retained,0.0,,,,7516.0
PGS004698,CAD,flag,mean_sign_concordance_retained,0.579080184495299,,,,7516.0
PGS004698,CAD,flag,weight_retained_frac,1.0,1.0,0.0,0.0,
PGS003897,BMI,flag,mean_abs_delta_EUR,0.31602912930700666,0.31602912930700666,0.0,0.0,
PGS003897,BMI,flag,kendall_w,0.20987654320987653,0.20987654320987653,0.0,0.0,
PGS003897,BMI,flag,median_I2_retained,0.023580969320334787,,,,559.0
PGS003897,BMI,flag,mean_sign_concordance_retained,0.5418263906635999,,,,559.0
PGS003897,BMI,flag,weight_retained_frac,1.0,1.0,0.0,0.0,
PGS002853,LDL,flag,mean_abs_delta_EUR,0.6219105277754151,0.6219105277754151,0.0,0.0,
PGS002853,LDL,flag,kendall_w,0.20987654320987653,0.20987654320987653,0.0,0.0,
PGS002853,LDL,flag,median_I2_retained,0.0,,,,96630.0
PGS002853,LDL,flag,mean_sign_concordance_retained,0.5746628770518867,,,,96630.0
PGS002853,LDL,flag,weight_retained_frac,1.0,1.0,0.0,0.0,
PGS002858,LDL,flag,mean_abs_delta_EUR,0.6764794315228624,0.6764794315228624,0.0,0.0,
PGS002858,LDL,flag,kendall_w,0.20987654320987653,0.20987654320987653,0.0,0.0,
PGS002858,LDL,flag,median_I2_retained,0.0,,,,96630.0
PGS002858,LDL,flag,mean_sign_concordance_retained,0.5746628770518867,,,,96630.0
PGS002858,LDL,flag,weight_retained_frac,1.0,1.0,0.0,0.0,
PGS003092,BMI,flag,mean_abs_delta_EUR,0.771490059977999,0.771490059977999,0.0,0.0,
PGS003092,BMI,flag,kendall_w,0.20987654320987653,0.20987654320987653,0.0,0.0,
PGS003092,BMI,flag,median_I2_retained,0.0,,,,117114.0
PGS003092,BMI,flag,mean_sign_concordance_retained,0.5683136577547152,,,,117114.0
PGS003092,BMI,flag,weight_retained_frac,1.0,1.0,0.0,0.0,
PGS000014,CAD,flag,mean_abs_delta_EUR,0.7305912609326554,0.7305912609326554,0.0,0.0,
PGS000014,CAD,flag,kendall_w,0.20987654320987653,0.20987654320987653,0.0,0.0,
PGS000014,CAD,flag,median_I2_retained,0.0,,,,93704.0
PGS000014,CAD,flag,mean_sign_concordance_retained,0.5319276150227871,,,,93704.0
PGS000014,CAD,flag,weight_retained_frac,1.0,1.0,0.0,0.0,
PGS004840,T2D,flag,mean_abs_delta_EUR,0.4531671254126368,0.4531671254126368,0.0,0.0,
PGS004840,T2D,flag,kendall_w,0.20987654320987653,0.20987654320987653,0.0,0.0,
PGS004840,T2D,flag,median_I2_retained,0.0,,,,77402.0
PGS004840,T2D,flag,mean_sign_concordance_retained,0.5337009564167777,,,,77402.0
PGS004840,T2D,flag,weight_retained_frac,1.0,1.0,0.0,0.0,
PGS000018,T2D,random,mean_abs_delta_EUR,0.4970273703691249,0.519831573965432,-0.022804203596307082,0.022804203596307082,
PGS000018,T2D,random,kendall_w,0.20246913580246914,0.20987654320987653,-0.00740740740740739,0.00740740740740739,
PGS000018,T2D,random,median_I2_retained,0.0,,,,23391.0
PGS000018,T2D,random,mean_sign_concordance_retained,0.5340252966647734,,,,23391.0
PGS000018,T2D,random,weight_retained_frac,0.9003893737645636,1.0,-0.09961062623543637,0.09961062623543637,
PGS004696,CAD,random,mean_abs_delta_EUR,1.827876808619255,1.8684781550176606,-0.040601346398405624,0.040601346398405624,
PGS004696,CAD,random,kendall_w,0.20246913580246914,0.20987654320987653,-0.00740740740740739,0.00740740740740739,
PGS004696,CAD,random,median_I2_retained,0.0,,,,16661.0
PGS004696,CAD,random,mean_sign_concordance_retained,0.5361938773468693,,,,16661.0
PGS004696,CAD,random,weight_retained_frac,0.9022767995392945,1.0,-0.09772320046070548,0.09772320046070548,
PGS004698,CAD,random,mean_abs_delta_EUR,2.6902042370825723,2.7056329067310347,-0.015428669648462456,0.015428669648462456,
PGS004698,CAD,random,kendall_w,0.20246913580246914,0.20987654320987653,-0.00740740740740739,0.00740740740740739,
PGS004698,CAD,random,median_I2_retained,0.0,,,,6747.0
PGS004698,CAD,random,mean_sign_concordance_retained,0.5789821931440429,,,,6747.0
PGS004698,CAD,random,weight_retained_frac,0.8971995622749356,1.0,-0.10280043772506442,0.10280043772506442,
PGS003897,BMI,random,mean_abs_delta_EUR,0.23269702094746253,0.31602912930700666,-0.08333210835954413,0.08333210835954413,
PGS003897,BMI,random,kendall_w,0.20246913580246914,0.20987654320987653,-0.00740740740740739,0.00740740740740739,
PGS003897,BMI,random,median_I2_retained,0.04539507030652349,,,,503.0
PGS003897,BMI,random,mean_sign_concordance_retained,0.5423885259869355,,,,503.0
PGS003897,BMI,random,weight_retained_frac,0.9034742388111855,1.0,-0.09652576118881451,0.09652576118881451,
PGS002853,LDL,random,mean_abs_delta_EUR,0.5938926165745533,0.6219105277754151,-0.028017911200861834,0.028017911200861834,
PGS002853,LDL,random,kendall_w,0.20246913580246914,0.20987654320987653,-0.00740740740740739,0.00740740740740739,
PGS002853,LDL,random,median_I2_retained,0.0,,,,86967.0
PGS002853,LDL,random,mean_sign_concordance_retained,0.574664527924385,,,,86967.0
PGS002853,LDL,random,weight_retained_frac,0.9001707900693872,1.0,-0.09982920993061284,0.09982920993061284,
PGS002858,LDL,random,mean_abs_delta_EUR,0.6332979095855895,0.6764794315228624,-0.04318152193727287,0.04318152193727287,
PGS002858,LDL,random,kendall_w,0.20246913580246914,0.20987654320987653,-0.00740740740740739,0.00740740740740739,
PGS002858,LDL,random,median_I2_retained,0.0,,,,86967.0
PGS002858,LDL,random,mean_sign_concordance_retained,0.5746256516565945,,,,86967.0
PGS002858,LDL,random,weight_retained_frac,0.8995028750210161,1.0,-0.10049712497898389,0.10049712497898389,
PGS003092,BMI,random,mean_abs_delta_EUR,0.7485238866950608,0.771490059977999,-0.022966173282938263,0.022966173282938263,
PGS003092,BMI,random,kendall_w,0.20246913580246914,0.20987654320987653,-0.00740740740740739,0.00740740740740739,
PGS003092,BMI,random,median_I2_retained,0.0,,,,105401.0
PGS003092,BMI,random,mean_sign_concordance_retained,0.5682217255551475,,,,105401.0
PGS003092,BMI,random,weight_retained_frac,0.9002258965228824,1.0,-0.09977410347711757,0.09977410347711757,
PGS000014,CAD,random,mean_abs_delta_EUR,0.7277612087584819,0.7305912609326554,-0.0028300521741734253,0.0028300521741734253,
PGS000014,CAD,random,kendall_w,0.20246913580246914,0.20987654320987653,-0.00740740740740739,0.00740740740740739,
PGS000014,CAD,random,median_I2_retained,0.0,,,,84312.0
PGS000014,CAD,random,mean_sign_concordance_retained,0.5320571211689914,,,,84312.0
PGS000014,CAD,random,weight_retained_frac,0.8993142502823387,1.0,-0.10068574971766131,0.10068574971766131,
PGS004840,T2D,random,mean_abs_delta_EUR,0.4311940357394505,0.4531671254126368,-0.02197308967318634,0.02197308967318634,
PGS004840,T2D,random,kendall_w,0.20246913580246914,0.20987654320987653,-0.00740740740740739,0.00740740740740739,
PGS004840,T2D,random,median_I2_retained,0.0,,,,69658.0
PGS004840,T2D,random,mean_sign_concordance_retained,0.5336515889194691,,,,69658.0
PGS004840,T2D,random,weight_retained_frac,0.9067577848537435,1.0,-0.09324221514625652,0.09324221514625652,
PGS000018,T2D,fst,mean_abs_delta_EUR,0.43211869739375786,0.519831573965432,-0.08771287657167415,0.08771287657167415,
PGS000018,T2D,fst,kendall_w,0.23950617283950618,0.20987654320987653,0.029629629629629645,-0.029629629629629645,
PGS000018,T2D,fst,median_I2_retained,0.0,,,,23335.0
PGS000018,T2D,fst,mean_sign_concordance_retained,0.5334690379258624,,,,23335.0
PGS000018,T2D,fst,weight_retained_frac,0.9286540942506512,1.0,-0.07134590574934885,0.07134590574934885,
PGS004696,CAD,fst,mean_abs_delta_EUR,1.5205621425239901,1.8684781550176606,-0.34791601249367043,0.34791601249367043,
PGS004696,CAD,fst,kendall_w,0.23950617283950618,0.20987654320987653,0.029629629629629645,-0.029629629629629645,
PGS004696,CAD,fst,median_I2_retained,0.0,,,,16629.0
PGS004696,CAD,fst,mean_sign_concordance_retained,0.5359841813928049,,,,16629.0
PGS004696,CAD,fst,weight_retained_frac,0.8999972558910487,1.0,-0.10000274410895127,0.10000274410895127,
PGS004698,CAD,fst,mean_abs_delta_EUR,2.040995044761596,2.7056329067310347,-0.6646378619694389,0.6646378619694389,
PGS004698,CAD,fst,kendall_w,0.23950617283950618,0.20987654320987653,0.029629629629629645,-0.029629629629629645,
PGS004698,CAD,fst,median_I2_retained,0.0,,,,6646.0
PGS004698,CAD,fst,mean_sign_concordance_retained,0.5834397346058496,,,,6646.0
PGS004698,CAD,fst,weight_retained_frac,0.9558839618613144,1.0,-0.04411603813868559,0.04411603813868559,
PGS003897,BMI,fst,mean_abs_delta_EUR,0.3755177114084557,0.31602912930700666,0.05948858210144903,-0.05948858210144903,
PGS003897,BMI,fst,kendall_w,0.23950617283950618,0.20987654320987653,0.029629629629629645,-0.029629629629629645,
PGS003897,BMI,fst,median_I2_retained,0.013065837959199638,,,,503.0
PGS003897,BMI,fst,mean_sign_concordance_retained,0.5434772318470131,,,,503.0
PGS003897,BMI,fst,weight_retained_frac,0.9060167449264166,1.0,-0.0939832550735834,0.0939832550735834,
PGS002853,LDL,fst,mean_abs_delta_EUR,0.5139568628762097,0.6219105277754151,-0.10795366489920544,0.10795366489920544,
PGS002853,LDL,fst,kendall_w,0.23950617283950618,0.20987654320987653,0.029629629629629645,-0.029629629629629645,
PGS002853,LDL,fst,median_I2_retained,0.0,,,,86966.0
PGS002853,LDL,fst,mean_sign_concordance_retained,0.5796368695812157,,,,86966.0
PGS002853,LDL,fst,weight_retained_frac,0.9337603696279185,1.0,-0.06623963037208147,0.06623963037208147,
PGS002858,LDL,fst,mean_abs_delta_EUR,0.5710391825221258,0.6764794315228624,-0.10544024900073656,0.10544024900073656,
PGS002858,LDL,fst,kendall_w,0.23950617283950618,0.20987654320987653,0.029629629629629645,-0.029629629629629645,
PGS002858,LDL,fst,median_I2_retained,0.0,,,,86966.0
PGS002858,LDL,fst,mean_sign_concordance_retained,0.5796368695812157,,,,86966.0
PGS002858,LDL,fst,weight_retained_frac,0.9323294755212412,1.0,-0.06767052447875876,0.06767052447875876,
PGS003092,BMI,fst,mean_abs_delta_EUR,0.3505692579436224,0.771490059977999,-0.4209208020343766,0.4209208020343766,
PGS003092,BMI,fst,kendall_w,0.23950617283950618,0.20987654320987653,0.029629629629629645,-0.029629629629629645,
PGS003092,BMI,fst,median_I2_retained,0.0,,,,105401.0
PGS003092,BMI,fst,mean_sign_concordance_retained,0.5730695154694927,,,,105401.0
PGS003092,BMI,fst,weight_retained_frac,0.9241519304868814,1.0,-0.07584806951311862,0.07584806951311862,
PGS000014,CAD,fst,mean_abs_delta_EUR,0.5863807268964085,0.7305912609326554,-0.14421053403624684,0.14421053403624684,
PGS000014,CAD,fst,kendall_w,0.23950617283950618,0.20987654320987653,0.029629629629629645,-0.029629629629629645,
PGS000014,CAD,fst,median_I2_retained,0.0,,,,84091.0
PGS000014,CAD,fst,mean_sign_concordance_retained,0.531351664948007,,,,84091.0
PGS000014,CAD,fst,weight_retained_frac,0.9125282137646772,1.0,-0.08747178623532281,0.08747178623532281,
PGS004840,T2D,fst,mean_abs_delta_EUR,0.5411129985598025,0.4531671254126368,0.08794587314716573,-0.08794587314716573,
PGS004840,T2D,fst,kendall_w,0.23950617283950618,0.20987654320987653,0.029629629629629645,-0.029629629629629645,
PGS004840,T2D,fst,median_I2_retained,0.0,,,,69630.0
PGS004840,T2D,fst,mean_sign_concordance_retained,0.5340509700936241,,,,69630.0
PGS004840,T2D,fst,weight_retained_frac,0.8857263290984932,1.0,-0.11427367090150675,0.11427367090150675,
PGS000018,T2D,ld,mean_abs_delta_EUR,0.2554925380485476,0.519831573965432,-0.2643390359168844,0.2643390359168844,
PGS000018,T2D,ld,kendall_w,0.345679012345679,0.20987654320987653,0.13580246913580246,-0.13580246913580246,
PGS000018,T2D,ld,median_I2_retained,0.0,,,,23335.0
PGS000018,T2D,ld,mean_sign_concordance_retained,0.532667564561715,,,,23335.0
PGS000018,T2D,ld,weight_retained_frac,0.9134822720558922,1.0,-0.08651772794410784,0.08651772794410784,
PGS004696,CAD,ld,mean_abs_delta_EUR,1.905301233148,1.8684781550176606,0.03682307813033936,-0.03682307813033936,
PGS004696,CAD,ld,kendall_w,0.345679012345679,0.20987654320987653,0.13580246913580246,-0.13580246913580246,
PGS004696,CAD,ld,median_I2_retained,0.0,,,,16629.0
PGS004696,CAD,ld,mean_sign_concordance_retained,0.5328254712793771,,,,16629.0
PGS004696,CAD,ld,weight_retained_frac,0.9483428064838625,1.0,-0.05165719351613751,0.05165719351613751,
PGS004698,CAD,ld,mean_abs_delta_EUR,3.253744051442587,2.7056329067310347,0.5481111447115521,-0.5481111447115521,
PGS004698,CAD,ld,kendall_w,0.345679012345679,0.20987654320987653,0.13580246913580246,-0.13580246913580246,
PGS004698,CAD,ld,median_I2_retained,0.0,,,,6646.0
PGS004698,CAD,ld,mean_sign_concordance_retained,0.5803745181491194,,,,6646.0
PGS004698,CAD,ld,weight_retained_frac,0.9675336622774793,1.0,-0.03246633772252072,0.03246633772252072,
PGS003897,BMI,ld,mean_abs_delta_EUR,0.31005048901207544,0.31602912930700666,-0.005978640294931226,0.005978640294931226,
PGS003897,BMI,ld,kendall_w,0.345679012345679,0.20987654320987653,0.13580246913580246,-0.13580246913580246,
PGS003897,BMI,ld,median_I2_retained,0.023580969320334787,,,,503.0
PGS003897,BMI,ld,mean_sign_concordance_retained,0.5395247562245573,,,,503.0
PGS003897,BMI,ld,weight_retained_frac,0.9154508746228469,1.0,-0.08454912537715309,0.08454912537715309,
PGS002853,LDL,ld,mean_abs_delta_EUR,0.8669966871007889,0.6219105277754151,0.2450861593253738,-0.2450861593253738,
PGS002853,LDL,ld,kendall_w,0.345679012345679,0.20987654320987653,0.13580246913580246,-0.13580246913580246,
PGS002853,LDL,ld,median_I2_retained,0.0,,,,86966.0
PGS002853,LDL,ld,mean_sign_concordance_retained,0.5799438861164133,,,,86966.0
PGS002853,LDL,ld,weight_retained_frac,0.9623216143306387,1.0,-0.037678385669361325,0.037678385669361325,
PGS002858,LDL,ld,mean_abs_delta_EUR,0.9442347646996188,0.6764794315228624,0.26775533317675637,-0.26775533317675637,
PGS002858,LDL,ld,kendall_w,0.345679012345679,0.20987654320987653,0.13580246913580246,-0.13580246913580246,
PGS002858,LDL,ld,median_I2_retained,0.0,,,,86966.0
PGS002858,LDL,ld,mean_sign_concordance_retained,0.5799438861164133,,,,86966.0
PGS002858,LDL,ld,weight_retained_frac,0.9606552831379223,1.0,-0.039344716862077744,0.039344716862077744,
PGS003092,BMI,ld,mean_abs_delta_EUR,0.7063390566951835,0.771490059977999,-0.06515100328281553,0.06515100328281553,
PGS003092,BMI,ld,kendall_w,0.345679012345679,0.20987654320987653,0.13580246913580246,-0.13580246913580246,
PGS003092,BMI,ld,median_I2_retained,0.0,,,,105401.0
PGS003092,BMI,ld,mean_sign_concordance_retained,0.5729108244658382,,,,105401.0
PGS003092,BMI,ld,weight_retained_frac,0.950763051554731,1.0,-0.049236948445269046,0.049236948445269046,
PGS000014,CAD,ld,mean_abs_delta_EUR,0.8149476343285549,0.7305912609326554,0.08435637339589952,-0.08435637339589952,
PGS000014,CAD,ld,kendall_w,0.345679012345679,0.20987654320987653,0.13580246913580246,-0.13580246913580246,
PGS000014,CAD,ld,median_I2_retained,0.0,,,,84091.0
PGS000014,CAD,ld,mean_sign_concordance_retained,0.5290184499671841,,,,84091.0
PGS000014,CAD,ld,weight_retained_frac,0.9150022920542819,1.0,-0.08499770794571815,0.08499770794571815,
PGS004840,T2D,ld,mean_abs_delta_EUR,0.3457325625599731,0.4531671254126368,-0.10743456285266373,0.10743456285266373,
PGS004840,T2D,ld,kendall_w,0.345679012345679,0.20987654320987653,0.13580246913580246,-0.13580246913580246,
PGS004840,T2D,ld,median_I2_retained,0.0,,,,69630.0
PGS004840,T2D,ld,mean_sign_concordance_retained,0.5316072368915972,,,,69630.0
PGS004840,T2D,ld,weight_retained_frac,0.9068691076917128,1.0,-0.0931308923082872,0.0931308923082872,
PGS000018,T2D,maf,mean_abs_delta_EUR,0.5348425869488299,0.519831573965432,0.015011012983397909,-0.015011012983397909,
PGS000018,T2D,maf,kendall_w,0.20246913580246914,0.20987654320987653,-0.00740740740740739,0.00740740740740739,
PGS000018,T2D,maf,median_I2_retained,0.0,,,,23335.0
PGS000018,T2D,maf,mean_sign_concordance_retained,0.5323498321548461,,,,23335.0
PGS000018,T2D,maf,weight_retained_frac,0.8084230141974607,1.0,-0.19157698580253935,0.19157698580253935,
PGS004696,CAD,maf,mean_abs_delta_EUR,1.494775414213603,1.8684781550176606,-0.37370274080405763,0.37370274080405763,
PGS004696,CAD,maf,kendall_w,0.20246913580246914,0.20987654320987653,-0.00740740740740739,0.00740740740740739,
PGS004696,CAD,maf,median_I2_retained,0.0,,,,16630.0
PGS004696,CAD,maf,mean_sign_concordance_retained,0.5313472496635455,,,,16630.0
PGS004696,CAD,maf,weight_retained_frac,0.6513635063053114,1.0,-0.34863649369468863,0.34863649369468863,
PGS004698,CAD,maf,mean_abs_delta_EUR,2.5038947839337116,2.7056329067310347,-0.20173812279732317,0.20173812279732317,
PGS004698,CAD,maf,kendall_w,0.20246913580246914,0.20987654320987653,-0.00740740740740739,0.00740740740740739,
PGS004698,CAD,maf,median_I2_retained,0.0,,,,6677.0
PGS004698,CAD,maf,mean_sign_concordance_retained,0.5650987398104367,,,,6677.0
PGS004698,CAD,maf,weight_retained_frac,0.8113440535306833,1.0,-0.18865594646931672,0.18865594646931672,
PGS003897,BMI,maf,mean_abs_delta_EUR,0.30711822021356633,0.31602912930700666,-0.008910909093440333,0.008910909093440333,
PGS003897,BMI,maf,kendall_w,0.20246913580246914,0.20987654320987653,-0.00740740740740739,0.00740740740740739,
PGS003897,BMI,maf,median_I2_retained,0.023580969320334787,,,,503.0
PGS003897,BMI,maf,mean_sign_concordance_retained,0.5414891602764366,,,,503.0
PGS003897,BMI,maf,weight_retained_frac,0.9117465628084899,1.0,-0.08825343719151013,0.08825343719151013,
PGS002853,LDL,maf,mean_abs_delta_EUR,0.585898370956732,0.6219105277754151,-0.03601215681868308,0.03601215681868308,
PGS002853,LDL,maf,kendall_w,0.20246913580246914,0.20987654320987653,-0.00740740740740739,0.00740740740740739,
PGS002853,LDL,maf,median_I2_retained,0.0,,,,86966.0
PGS002853,LDL,maf,mean_sign_concordance_retained,0.5531774322313153,,,,86966.0
PGS002853,LDL,maf,weight_retained_frac,0.7390977767677794,1.0,-0.26090222323222056,0.26090222323222056,
PGS002858,LDL,maf,mean_abs_delta_EUR,0.6201632769104461,0.6764794315228624,-0.056316154612416236,0.056316154612416236,
PGS002858,LDL,maf,kendall_w,0.20246913580246914,0.20987654320987653,-0.00740740740740739,0.00740740740740739,
PGS002858,LDL,maf,median_I2_retained,0.0,,,,86966.0
PGS002858,LDL,maf,mean_sign_concordance_retained,0.5531774322313153,,,,86966.0
PGS002858,LDL,maf,weight_retained_frac,0.7395880902377433,1.0,-0.2604119097622567,0.2604119097622567,
PGS003092,BMI,maf,mean_abs_delta_EUR,0.710214549603058,0.771490059977999,-0.061275510374941056,0.061275510374941056,
PGS003092,BMI,maf,kendall_w,0.20246913580246914,0.20987654320987653,-0.00740740740740739,0.00740740740740739,
PGS003092,BMI,maf,median_I2_retained,0.0,,,,105401.0
PGS003092,BMI,maf,mean_sign_concordance_retained,0.5468703649237989,,,,105401.0
PGS003092,BMI,maf,weight_retained_frac,0.7211986123754399,1.0,-0.2788013876245601,0.2788013876245601,
PGS000014,CAD,maf,mean_abs_delta_EUR,0.6978778990663408,0.7305912609326554,-0.03271336186631457,0.03271336186631457,
PGS000014,CAD,maf,kendall_w,0.20246913580246914,0.20987654320987653,-0.00740740740740739,0.00740740740740739,
PGS000014,CAD,maf,median_I2_retained,0.0,,,,84092.0
PGS000014,CAD,maf,mean_sign_concordance_retained,0.53100606365364,,,,84092.0
PGS000014,CAD,maf,weight_retained_frac,0.7932559763831134,1.0,-0.2067440236168866,0.2067440236168866,
PGS004840,T2D,maf,mean_abs_delta_EUR,0.42866557958442547,0.4531671254126368,-0.024501545828211346,0.024501545828211346,
PGS004840,T2D,maf,kendall_w,0.20246913580246914,0.20987654320987653,-0.00740740740740739,0.00740740740740739,
PGS004840,T2D,maf,median_I2_retained,0.0,,,,69631.0
PGS004840,T2D,maf,mean_sign_concordance_retained,0.533330802987996,,,,69631.0
PGS004840,T2D,maf,weight_retained_frac,0.8773134165195516,1.0,-0.12268658348044836,0.12268658348044836,
