trait,rid,pathway,n_variants,n_assoc,mean_I2,mean_I2_assoc,sign_discord_frac,high_risk_frac,mean_PBS,mean_FST
CAD,R-HSA-400685,Sema4D in semaphorin signaling,1114.0000,113.0000,0.1793,0.4718,0.9084,0.8061,0.0790,0.0324
CAD,R-HSA-416572,Sema4D induced cell migration and growth-cone collapse,1114.0000,113.0000,0.1793,0.4718,0.9084,0.8061,0.0790,0.0324
CAD,R-HSA-6804760,Regulation of TP53 Activity through Methylation,1064.0000,13.0000,0.1438,0.4689,0.9032,0.7632,0.1235,0.0449
CAD,R-HSA-6811558,"PI5P, PP2A and IER3 Regulate PI3K/AKT Signaling",2308.0000,90.0000,0.0963,0.4357,0.8752,0.7340,0.0902,0.0409
CAD,R-HSA-9865113,Loss-of-function mutations in DBT cause MSUD2,425.0000,157.0000,0.2153,0.4319,0.8824,0.8329,0.1663,0.0716
CAD,R-HSA-9865114,Maple Syrup Urine Disease,425.0000,157.0000,0.2153,0.4319,0.8824,0.8329,0.1663,0.0716
CAD,R-HSA-9865118,Diseases of branched-chain amino acid catabolism,425.0000,157.0000,0.2153,0.4319,0.8824,0.8329,0.1663,0.0716
CAD,R-HSA-9912529,H139Hfs13* PPM1K causes a mild variant of  MSUD,425.0000,157.0000,0.2153,0.4319,0.8824,0.8329,0.1663,0.0716
T2D,R-HSA-6782861,Synthesis of wybutosine at G37 of tRNA(Phe),495.0000,3.0000,0.1629,0.5603,0.9394,0.8141,0.1538,0.0567
T2D,R-HSA-9861718,Regulation of pyruvate metabolism,416.0000,54.0000,0.2402,0.4708,0.9231,0.8582,0.1815,0.0847
T2D,R-HSA-9706574,RHOBTB GTPase Cycle,1109.0000,125.0000,0.1193,0.4518,0.8801,0.7863,0.0963,0.0454
T2D,R-HSA-9013422,RHOBTB1 GTPase cycle,1109.0000,125.0000,0.1193,0.4518,0.8801,0.7863,0.0963,0.0454
T2D,R-HSA-9857377,Regulation of MITF-M-dependent genes involved in lysosome biogenesis and autophagy,264.0000,10.0000,0.2508,0.4323,0.8864,0.7803,0.1492,0.0567
T2D,R-HSA-181430,Norepinephrine Neurotransmitter Release Cycle,481.0000,8.0000,0.0976,0.4295,0.9314,0.7755,0.0835,0.0335
T2D,R-HSA-212676,Dopamine Neurotransmitter Release Cycle,481.0000,8.0000,0.0976,0.4295,0.9314,0.7755,0.0835,0.0335
T2D,R-HSA-181429,Serotonin Neurotransmitter Release Cycle,481.0000,8.0000,0.0976,0.4295,0.9314,0.7755,0.0835,0.0335
BMI,R-HSA-6806664,Metabolism of vitamin K,328.0000,69.0000,0.3062,0.7235,0.9268,0.8262,0.2201,0.0857
BMI,R-HSA-9920951,Dengue virus modulates apoptosis,675.0000,173.0000,0.3245,0.7173,0.9156,0.8370,0.1733,0.0635
BMI,R-HSA-9930044,Nuclear RNA decay,399.0000,114.0000,0.3349,0.6721,0.9023,0.8120,0.1614,0.0563
BMI,R-HSA-2485179,Activation of the phototransduction cascade,532.0000,223.0000,0.3309,0.6443,0.9305,0.8026,0.1525,0.0532
BMI,R-HSA-400508,"Incretin synthesis, secretion, and inactivation",532.0000,223.0000,0.3309,0.6443,0.9305,0.8026,0.1525,0.0532
BMI,R-HSA-2514856,The phototransduction cascade,532.0000,223.0000,0.3309,0.6443,0.9305,0.8026,0.1525,0.0532
BMI,R-HSA-2514859,"Inactivation, recovery and regulation of the phototransduction cascade",532.0000,223.0000,0.3309,0.6443,0.9305,0.8026,0.1525,0.0532
BMI,R-HSA-381771,"Synthesis, secretion, and inactivation of Glucagon-like Peptide-1 (GLP-1)",532.0000,223.0000,0.3309,0.6443,0.9305,0.8026,0.1525,0.0532
LDL,R-HSA-9861718,Regulation of pyruvate metabolism,419.0000,149.0000,0.3366,0.6618,0.9236,0.8258,0.1812,0.0846
LDL,R-HSA-9037628,Rhesus blood group biosynthesis,380.0000,169.0000,0.3364,0.6454,0.9053,0.7632,0.1796,0.0870
LDL,R-HSA-8963889,Assembly of active LPL and LIPC lipase complexes,200.0000,141.0000,0.4852,0.6198,0.9050,0.7900,0.1141,0.0398
LDL,R-HSA-9029558,NR1H2 & NR1H3 regulate gene expression linked to lipogenesis,200.0000,141.0000,0.4852,0.6198,0.9050,0.7900,0.1141,0.0398
LDL,R-HSA-9617629,Regulation of FOXO transcriptional activity by acetylation,80.0000,13.0000,0.2340,0.5959,0.2375,0.4000,0.1862,0.0799
LDL,R-HSA-5083630,Defective LFNG causes SCDO3,337.0000,18.0000,0.3270,0.5866,0.9377,0.8190,0.2318,0.0823
LDL,R-HSA-1912399,Pre-NOTCH Processing in the Endoplasmic Reticulum,337.0000,18.0000,0.3270,0.5866,0.9377,0.8190,0.2318,0.0823
LDL,R-HSA-8866427,VLDLR internalisation and degradation,579.0000,361.0000,0.4844,0.5819,0.8912,0.8100,0.1192,0.0518
