pgs_id,trait,super_pop,n,mean,sd,delta_EUR,rank_by_mean
PGS000014,CAD,AFR,661,16.64003,0.04430,3.50743,1
PGS000014,CAD,EAS,504,16.63435,0.04695,3.41334,2
PGS000014,CAD,AMR,347,16.53102,0.07419,1.69972,3
PGS000014,CAD,SAS,489,16.52517,0.05451,1.60276,4
PGS000014,CAD,EUR,503,16.42851,0.06030,0.00000,5
PGS000018,T2D,EAS,504,-0.23967,0.18119,1.33716,1
PGS000018,T2D,SAS,489,-0.40732,0.22224,0.69416,2
PGS000018,T2D,AFR,661,-0.45302,0.17032,0.51888,3
PGS000018,T2D,AMR,347,-0.50336,0.25352,0.32583,4
PGS000018,T2D,EUR,503,-0.58831,0.26074,0.00000,5
PGS002853,LDL,EAS,504,0.34624,0.14648,1.00224,1
PGS002853,LDL,AMR,347,0.26672,0.18173,0.53556,2
PGS002853,LDL,SAS,489,0.19437,0.16270,0.11102,3
PGS002853,LDL,EUR,503,0.17545,0.17041,0.00000,4
PGS002853,LDL,AFR,661,0.14888,0.14617,-0.15592,5
PGS002858,LDL,EAS,504,0.34284,0.14018,0.85723,1
PGS002858,LDL,AMR,347,0.28782,0.17348,0.51976,2
PGS002858,LDL,SAS,489,0.24591,0.15184,0.26266,3
PGS002858,LDL,EUR,503,0.20308,0.16304,0.00000,4
PGS002858,LDL,AFR,661,0.15414,0.13426,-0.30021,5
PGS003092,BMI,AFR,661,0.11236,0.04556,0.49604,1
PGS003092,BMI,EUR,503,0.08454,0.05609,0.00000,2
PGS003092,BMI,SAS,489,0.08162,0.05691,-0.05207,3
PGS003092,BMI,AMR,347,0.07908,0.04958,-0.09739,4
PGS003092,BMI,EAS,504,0.03764,0.05337,-0.83627,5
PGS003897,BMI,AMR,347,1.48966,0.82398,0.08959,1
PGS003897,BMI,EUR,503,1.40516,0.94313,0.00000,2
PGS003897,BMI,AFR,661,1.07610,0.80063,-0.34890,3
PGS003897,BMI,EAS,504,1.02095,0.79376,-0.40738,4
PGS003897,BMI,SAS,489,0.78393,0.90860,-0.65869,5
PGS004696,CAD,EUR,503,-0.81927,0.11841,0.00000,1
PGS004696,CAD,SAS,489,-1.00431,0.13710,-1.56278,2
PGS004696,CAD,AFR,661,-1.06435,0.15490,-2.06986,3
PGS004696,CAD,AMR,347,-1.10305,0.24073,-2.39665,4
PGS004696,CAD,EAS,504,-1.33653,0.12057,-4.36848,5
PGS004698,CAD,EUR,503,-13.43364,8.60374,0.00000,1
PGS004698,CAD,AFR,661,-21.20588,13.69629,-0.90336,2
PGS004698,CAD,SAS,489,-27.92626,8.68116,-1.68446,3
PGS004698,CAD,AMR,347,-34.20923,19.77379,-2.41472,4
PGS004698,CAD,EAS,504,-49.13029,8.04169,-4.14897,5
PGS004840,T2D,AFR,661,0.79640,0.32328,2.77145,1
PGS004840,T2D,SAS,489,-0.04752,0.44363,0.89863,2
PGS004840,T2D,AMR,347,-0.17782,0.45576,0.60946,3
PGS004840,T2D,EAS,504,-0.19854,0.36701,0.56349,4
PGS004840,T2D,EUR,503,-0.45246,0.45062,0.00000,5
