pgs_id,mode,trait,status,n_variants_original,n_variants_edited,n_removed,variant_retention,weight_mass_retention,mass_removed,n_af_overlap,n_draws,observed_mad_baseline,observed_mad_edited,observed_mad_reduction,expected_mad_baseline,expected_mad_edited,expected_mad_reduction,delta_vs_random_n,delta_vs_random_mass,empirical_p_n,empirical_p_mass,random_n_mad_reduction_mean,random_mass_mad_reduction_mean,claim
PGS000018,filter_5,T2D,ok,1.74915e+06,1.6617e+06,87457,0.95,0.964326,12.4226,26537,500,,,,0.0252815,0.0117829,0.0134986,-0.0117648,0.0126514,1,0.00199601,0.0252633,0.000847201,ancestry_mean_separation_vs_matched_random_af_expected
PGS000018,filter_10,T2D,ok,1.74915e+06,1.57424e+06,174915,0.9,0.934939,22.6554,26537,500,,,,0.0252815,0.0120077,0.0132738,-0.011991,0.0116765,1,0.00399202,0.0252648,0.00159728,ancestry_mean_separation_vs_matched_random_af_expected
PGS000018,filter_20,T2D,ok,1.74915e+06,1.39932e+06,349830,0.8,0.876539,42.9917,26537,500,,,,0.0252815,0.00735126,0.0179302,-0.00733415,0.0151703,1,0.00199601,0.0252644,0.00275988,ancestry_mean_separation_vs_matched_random_af_expected
PGS000018,reweight_linear,T2D,ok,1.74915e+06,1.74915e+06,0,1,0.694427,106.407,26537,500,,,,0.0252815,0.0252815,0,,-0.00798083,,0.972056,,0.00798083,ancestry_mean_separation_vs_matched_random_af_expected
PGS000018,reweight_exp,T2D,ok,1.74915e+06,1.74915e+06,0,1,0.409863,205.497,26537,500,,,,0.0252815,0.0252815,0,,-0.0146512,,1,,0.0146512,ancestry_mean_separation_vs_matched_random_af_expected
PGS000018,flag,T2D,ok,1.74915e+06,1.74915e+06,0,1,1,0,26537,500,,,,0.0252815,0.0252815,0,,,,,,,ancestry_mean_separation_vs_matched_random_af_expected
PGS000018,fst,T2D,ok,1.74915e+06,1.57424e+06,174915,0.9,0.922734,26.9056,26537,500,,,,0.0252815,0.0168938,0.00838771,-0.0168775,0.00647764,1,0.0758483,0.0252652,0.00191007,ancestry_mean_separation_vs_matched_random_af_expected
PGS000018,ld,T2D,ok,1.74915e+06,1.57424e+06,174915,0.9,0.926794,25.4918,26537,500,,,,0.0252815,0.0095916,0.0156899,-0.00957282,0.0137842,1,0.00199601,0.0252627,0.00190567,ancestry_mean_separation_vs_matched_random_af_expected
PGS000018,maf,T2D,ok,1.74915e+06,1.57424e+06,174915,0.9,0.81843,63.2265,26537,500,,,,0.0252815,0.0249626,0.000318884,-0.0249459,-0.00421525,1,0.88024,0.0252648,0.00453414,ancestry_mean_separation_vs_matched_random_af_expected
PGS000018,duffy_gate,T2D,ok,1.74915e+06,1.74894e+06,210,0.99988,0.999877,0.0428394,26537,500,,,,0.0252815,0.0252815,0,-0.000200583,-5.70265e-07,0.602794,0.526946,0.000200583,5.70265e-07,ancestry_mean_separation_vs_matched_random_af_expected
PGS004696,filter_5,CAD,ok,1.29049e+06,1.22596e+06,64524,0.95,0.977232,4.20455,18775,500,,,,0.0457025,0.041688,0.00401444,-0.0416627,0.00295437,1,0.00199601,0.0456771,0.00106007,ancestry_mean_separation_vs_matched_random_af_expected
PGS004696,filter_10,CAD,ok,1.29049e+06,1.16144e+06,129048,0.9,0.954064,8.48279,18775,500,,,,0.0457025,0.0366925,0.00900999,-0.0366703,0.00685816,1,0.00199601,0.0456803,0.00215183,ancestry_mean_separation_vs_matched_random_af_expected
PGS004696,filter_20,CAD,ok,1.29049e+06,1.03239e+06,258097,0.8,0.906752,17.2197,18775,500,,,,0.0457025,0.0351296,0.0105729,-0.035111,0.00631574,1,0.00199601,0.0456839,0.00425718,ancestry_mean_separation_vs_matched_random_af_expected
PGS004696,reweight_linear,CAD,ok,1.29049e+06,1.29049e+06,0,1,0.684049,58.3453,18775,500,,,,0.0457025,0.0457025,0,,-0.0143032,,1,,0.0143032,ancestry_mean_separation_vs_matched_random_af_expected
PGS004696,reweight_exp,CAD,ok,1.29049e+06,1.29049e+06,0,1,0.412175,108.551,18775,500,,,,0.0457025,0.0457025,0,,-0.0269352,,1,,0.0269352,ancestry_mean_separation_vs_matched_random_af_expected
PGS004696,flag,CAD,ok,1.29049e+06,1.29049e+06,0,1,1,0,18775,500,,,,0.0457025,0.0457025,0,,,,,,,ancestry_mean_separation_vs_matched_random_af_expected
PGS004696,fst,CAD,ok,1.29049e+06,1.16144e+06,129048,0.9,0.907511,17.0796,18775,500,,,,0.0457025,0.0320677,0.0136348,-0.0320465,0.00937277,1,0.00199601,0.0456813,0.00426203,ancestry_mean_separation_vs_matched_random_af_expected
PGS004696,ld,CAD,ok,1.29049e+06,1.16144e+06,129048,0.9,0.954909,8.32683,18775,500,,,,0.0457025,0.0416768,0.00402565,-0.0416552,0.00200109,1,0.0139721,0.0456809,0.00202456,ancestry_mean_separation_vs_matched_random_af_expected
PGS004696,maf,CAD,ok,1.29049e+06,1.16144e+06,129048,0.9,0.650529,64.5355,18775,500,,,,0.0457025,0.0363161,0.00938634,-0.036295,-0.00659998,1,1,0.0456813,0.0159863,ancestry_mean_separation_vs_matched_random_af_expected
PGS004696,duffy_gate,CAD,ok,1.29049e+06,1.2903e+06,181,0.99986,0.999721,0.0514902,18775,500,,,,0.0457025,0.0457025,0,-0.000418437,-2.09068e-05,0.824351,0.612774,0.000418437,2.09068e-05,ancestry_mean_separation_vs_matched_random_af_expected
PGS004698,filter_5,CAD,ok,527842,501450,26392,0.95,0.985798,340.765,8705,500,,,,5.38176,4.95781,0.423948,-4.95533,0.345783,1,0.00199601,5.37927,0.0781648,ancestry_mean_separation_vs_matched_random_af_expected
PGS004698,filter_10,CAD,ok,527842,475058,52784,0.9,0.97264,656.485,8705,500,,,,5.38176,4.71237,0.669384,-4.71013,0.519778,1,0.00199601,5.37951,0.149607,ancestry_mean_separation_vs_matched_random_af_expected
PGS004698,filter_20,CAD,ok,527842,422274,105568,0.800001,0.945906,1297.95,8705,500,,,,5.38176,4.23828,1.14348,-4.23577,0.855762,1,0.00199601,5.37925,0.287718,ancestry_mean_separation_vs_matched_random_af_expected
PGS004698,reweight_linear,CAD,ok,527842,527842,0,1,0.748513,6034.21,8705,500,,,,5.38176,5.38176,0,,-1.35227,,1,,1.35227,ancestry_mean_separation_vs_matched_random_af_expected
PGS004698,reweight_exp,CAD,ok,527842,527842,0,1,0.487639,12293.7,8705,500,,,,5.38176,5.38176,0,,-2.75835,,1,,2.75835,ancestry_mean_separation_vs_matched_random_af_expected
PGS004698,flag,CAD,ok,527842,527842,0,1,0.999996,0.0998,8705,500,,,,5.38176,5.38176,0,,-0.000665296,,0.576846,,0.000665296,ancestry_mean_separation_vs_matched_random_af_expected
PGS004698,fst,CAD,ok,527842,475058,52784,0.9,0.957082,1029.78,8705,500,,,,5.38176,3.39403,1.98773,-3.39177,1.7569,1,0.00199601,5.3795,0.230834,ancestry_mean_separation_vs_matched_random_af_expected
PGS004698,ld,CAD,ok,527842,475058,52784,0.9,0.968897,746.286,8705,500,,,,5.38176,4.90255,0.479206,-4.90007,0.314755,1,0.00199601,5.37928,0.164451,ancestry_mean_separation_vs_matched_random_af_expected
PGS004698,maf,CAD,ok,527842,475058,52784,0.9,0.810299,4551.71,8705,500,,,,5.38176,4.35597,1.02579,-4.35351,0.00977731,1,0.459082,5.3793,1.01601,ancestry_mean_separation_vs_matched_random_af_expected
PGS004698,duffy_gate,CAD,ok,527842,527762,80,0.999848,0.999837,3.9107,8705,500,,,,5.38176,5.38176,0,-0.0504327,-0.00163557,0.976048,0.640719,0.0504327,0.00163557,ancestry_mean_separation_vs_matched_random_af_expected
PGS003897,filter_5,BMI,ok,34158,32451,1707,0.950026,0.937538,17.9146,560,500,,,,0.0622353,0.0420641,0.0201712,-0.0398598,0.020535,1,0.0259481,0.0600311,-0.000363751,ancestry_mean_separation_vs_matched_random_af_expected
PGS003897,filter_10,BMI,ok,34158,30743,3415,0.900023,0.879537,34.5494,560,500,,,,0.0622353,0.0522062,0.0100291,-0.0501692,0.00832176,1,0.355289,0.0601983,0.00170736,ancestry_mean_separation_vs_matched_random_af_expected
PGS003897,filter_20,BMI,ok,34158,27327,6831,0.800018,0.773629,64.9245,560,500,,,,0.0622353,0.067538,-0.00530274,-0.0654188,-0.00986301,1,0.716567,0.060116,0.00456027,ancestry_mean_separation_vs_matched_random_af_expected
PGS003897,reweight_linear,BMI,ok,34158,34158,0,1,0.576852,121.361,560,500,,,,0.0622353,0.0622353,0,,-0.0115696,,0.740519,,0.0115696,ancestry_mean_separation_vs_matched_random_af_expected
PGS003897,reweight_exp,BMI,ok,34158,34158,0,1,0.287466,204.358,560,500,,,,0.0622353,0.0622353,0,,-0.0256331,,0.926148,,0.0256331,ancestry_mean_separation_vs_matched_random_af_expected
PGS003897,flag,BMI,ok,34158,34158,0,1,1,0,560,500,,,,0.0622353,0.0622353,0,,,,,,,ancestry_mean_separation_vs_matched_random_af_expected
PGS003897,fst,BMI,ok,34158,30743,3415,0.900023,0.89889,28.9988,560,500,,,,0.0622353,0.0715961,-0.00936083,-0.0695185,-0.00857506,1,0.730539,0.0601577,-0.000785775,ancestry_mean_separation_vs_matched_random_af_expected
PGS003897,ld,BMI,ok,34158,30743,3415,0.900023,0.885936,32.7142,560,500,,,,0.0622353,0.0733407,-0.0111054,-0.0710943,-0.0111589,1,0.798403,0.059989,5.35622e-05,ancestry_mean_separation_vs_matched_random_af_expected
PGS003897,maf,BMI,ok,34158,30743,3415,0.900023,0.882361,33.7396,560,500,,,,0.0622353,0.0551016,0.00713372,-0.0529792,0.0073558,1,0.363273,0.0601129,-0.00022208,ancestry_mean_separation_vs_matched_random_af_expected
PGS003897,duffy_gate,BMI,ok,34158,34151,7,0.999795,0.999908,0.0264801,560,500,,,,0.0622353,0.0622353,0,0.000801101,-8.67788e-05,0.491018,0.540918,-0.000801101,8.67788e-05,ancestry_mean_separation_vs_matched_random_af_expected
PGS002853,filter_5,LDL,ok,6.08984e+06,5.78535e+06,304491,0.95,0.983124,6.20835,96643,500,,,,0.0181643,0.0149074,0.00325682,-0.0149041,0.0028811,1,0.0159681,0.0181609,0.000375715,ancestry_mean_separation_vs_matched_random_af_expected
PGS002853,filter_10,LDL,ok,6.08984e+06,5.48086e+06,608983,0.9,0.966327,12.3878,96643,500,,,,0.0181643,0.01371,0.00445425,-0.0137068,0.00390742,1,0.00598802,0.018161,0.000546837,ancestry_mean_separation_vs_matched_random_af_expected
PGS002853,filter_20,LDL,ok,6.08984e+06,4.87187e+06,1.21797e+06,0.8,0.930185,25.6843,96643,500,,,,0.0181643,0.0124383,0.00572592,-0.0124346,0.00439042,1,0.00598802,0.0181605,0.0013355,ancestry_mean_separation_vs_matched_random_af_expected
PGS002853,reweight_linear,LDL,ok,6.08984e+06,6.08984e+06,0,1,0.736491,96.9426,96643,500,,,,0.0181643,0.0181643,0,,-0.00501897,,0.914172,,0.00501897,ancestry_mean_separation_vs_matched_random_af_expected
PGS002853,reweight_exp,LDL,ok,6.08984e+06,6.08984e+06,0,1,0.468558,195.513,96643,500,,,,0.0181643,0.0181643,0,,-0.0096306,,1,,0.0096306,ancestry_mean_separation_vs_matched_random_af_expected
PGS002853,flag,LDL,ok,6.08984e+06,6.08984e+06,0,1,1,0,96643,500,,,,0.0181643,0.0181643,0,,,,,,,ancestry_mean_separation_vs_matched_random_af_expected
PGS002853,fst,LDL,ok,6.08984e+06,5.48086e+06,608983,0.9,0.939592,22.2234,96643,500,,,,0.0181643,0.0138924,0.0042719,-0.0138891,0.00310897,1,0.0499002,0.018161,0.00116293,ancestry_mean_separation_vs_matched_random_af_expected
PGS002853,ld,LDL,ok,6.08984e+06,5.48086e+06,608983,0.9,0.968128,11.7256,96643,500,,,,0.0181643,0.0211226,-0.00295836,-0.0211192,-0.00345133,1,0.962076,0.0181609,0.000492966,ancestry_mean_separation_vs_matched_random_af_expected
PGS002853,maf,LDL,ok,6.08984e+06,5.48086e+06,608983,0.9,0.744073,94.1532,96643,500,,,,0.0181643,0.0172387,0.000925563,-0.0172356,-0.00353296,1,0.828343,0.0181612,0.00445852,ancestry_mean_separation_vs_matched_random_af_expected
PGS002853,duffy_gate,LDL,ok,6.08984e+06,6.08984e+06,0,1,1,0,96643,500,,,,0.0181643,0.0181643,0,,,,,,,ancestry_mean_separation_vs_matched_random_af_expected
PGS002858,filter_5,LDL,ok,6.08982e+06,5.78533e+06,304490,0.95,0.983234,6.04898,96643,500,,,,0.0197799,0.0166413,0.00313865,-0.0166376,0.00278441,1,0.011976,0.0197763,0.000354238,ancestry_mean_separation_vs_matched_random_af_expected
PGS002858,filter_10,LDL,ok,6.08982e+06,5.48084e+06,608981,0.9,0.966322,12.1505,96643,500,,,,0.0197799,0.0154488,0.00433119,-0.0154453,0.00367358,1,0.0159681,0.0197765,0.000657607,ancestry_mean_separation_vs_matched_random_af_expected
PGS002858,filter_20,LDL,ok,6.08982e+06,4.87186e+06,1.21796e+06,0.8,0.930194,25.1846,96643,500,,,,0.0197799,0.0143947,0.00538529,-0.0143909,0.00416471,1,0.0179641,0.0197762,0.00122058,ancestry_mean_separation_vs_matched_random_af_expected
PGS002858,reweight_linear,LDL,ok,6.08982e+06,6.08982e+06,0,1,0.736599,95.0299,96643,500,,,,0.0197799,0.0197799,0,,-0.0050545,,0.884232,,0.0050545,ancestry_mean_separation_vs_matched_random_af_expected
PGS002858,reweight_exp,LDL,ok,6.08982e+06,6.08982e+06,0,1,0.468698,191.684,96643,500,,,,0.0197799,0.0197799,0,,-0.0107789,,1,,0.0107789,ancestry_mean_separation_vs_matched_random_af_expected
PGS002858,flag,LDL,ok,6.08982e+06,6.08982e+06,0,1,1,0,96643,500,,,,0.0197799,0.0197799,0,,,,,,,ancestry_mean_separation_vs_matched_random_af_expected
PGS002858,fst,LDL,ok,6.08982e+06,5.48084e+06,608981,0.9,0.939572,21.8014,96643,500,,,,0.0197799,0.0155445,0.00423542,-0.0155412,0.00305804,1,0.0479042,0.0197766,0.00117738,ancestry_mean_separation_vs_matched_random_af_expected
PGS002858,ld,LDL,ok,6.08982e+06,5.48084e+06,608981,0.9,0.968221,11.4652,96643,500,,,,0.0197799,0.0227455,-0.00296551,-0.0227423,-0.00364769,1,0.978044,0.0197768,0.000682178,ancestry_mean_separation_vs_matched_random_af_expected
PGS002858,maf,LDL,ok,6.08982e+06,5.48084e+06,608981,0.9,0.743504,92.5387,96643,500,,,,0.0197799,0.0183157,0.00146427,-0.0183122,-0.00379092,1,0.846307,0.0197765,0.00525519,ancestry_mean_separation_vs_matched_random_af_expected
PGS002858,duffy_gate,LDL,ok,6.08982e+06,6.08982e+06,0,1,1,0,96643,500,,,,0.0197799,0.0197799,0,,,,,,,ancestry_mean_separation_vs_matched_random_af_expected
PGS003092,filter_5,BMI,ok,8.45893e+06,8.03599e+06,422946,0.95,0.981893,1.95335,117136,500,,,,0.00788583,0.0070001,0.000885737,-0.00699921,0.000723544,1,0.0239521,0.00788495,0.000162193,ancestry_mean_separation_vs_matched_random_af_expected
PGS003092,filter_10,BMI,ok,8.45893e+06,7.61304e+06,845893,0.9,0.964213,3.86059,117136,500,,,,0.00788583,0.00688887,0.000996961,-0.00688804,0.000667659,1,0.0459082,0.007885,0.000329302,ancestry_mean_separation_vs_matched_random_af_expected
PGS003092,filter_20,BMI,ok,8.45893e+06,6.76715e+06,1.69179e+06,0.8,0.927267,7.84613,117136,500,,,,0.00788583,0.00177082,0.00611502,-0.00177001,0.0055865,1,0.00199601,0.00788503,0.000528514,ancestry_mean_separation_vs_matched_random_af_expected
PGS003092,reweight_linear,BMI,ok,8.45893e+06,8.45893e+06,0,1,0.72686,29.4654,117136,500,,,,0.00788583,0.00788583,0,,-0.00223544,,1,,0.00223544,ancestry_mean_separation_vs_matched_random_af_expected
PGS003092,reweight_exp,BMI,ok,8.45893e+06,8.45893e+06,0,1,0.457726,58.4986,117136,500,,,,0.00788583,0.00788583,0,,-0.00430456,,1,,0.00430456,ancestry_mean_separation_vs_matched_random_af_expected
PGS003092,flag,BMI,ok,8.45893e+06,8.45893e+06,0,1,1,1.43044e-05,117136,500,,,,0.00788583,0.00788583,0,,-3.28556e-09,,0.506986,,3.28556e-09,ancestry_mean_separation_vs_matched_random_af_expected
PGS003092,fst,BMI,ok,8.45893e+06,7.61304e+06,845893,0.9,0.937772,6.71296,117136,500,,,,0.00788583,0.00170484,0.00618099,-0.00170402,0.00559032,1,0.00199601,0.00788501,0.000590672,ancestry_mean_separation_vs_matched_random_af_expected
PGS003092,ld,BMI,ok,8.45893e+06,7.61304e+06,845893,0.9,0.962261,4.07111,117136,500,,,,0.00788583,0.00757745,0.000308379,-0.00757661,-4.27444e-05,1,0.0558882,0.00788499,0.000351124,ancestry_mean_separation_vs_matched_random_af_expected
PGS003092,maf,BMI,ok,8.45893e+06,7.61304e+06,845893,0.9,0.722139,29.9747,117136,500,,,,0.00788583,0.00742751,0.000458327,-0.00742675,-0.00168559,1,0.866267,0.00788507,0.00214392,ancestry_mean_separation_vs_matched_random_af_expected
PGS003092,duffy_gate,BMI,ok,8.45893e+06,8.45771e+06,1222,0.999856,0.999845,0.0166737,117136,500,,,,0.00788583,0.00788583,0,-8.3164e-05,-2.70883e-07,0.710579,0.512974,8.3164e-05,2.70883e-07,ancestry_mean_separation_vs_matched_random_af_expected
PGS000014,filter_5,CAD,ok,6.8804e+06,6.53638e+06,344020,0.95,0.968089,1.85346,96136,500,,,,0.00831006,0.00755026,0.000759805,-0.00754898,0.000493235,1,0.00199601,0.00830878,0.00026657,ancestry_mean_separation_vs_matched_random_af_expected
PGS000014,filter_10,CAD,ok,6.8804e+06,6.19236e+06,688040,0.9,0.936303,3.69968,96136,500,,,,0.00831006,0.00796118,0.000348878,-0.00795983,-0.000177463,1,0.894212,0.00830871,0.000526341,ancestry_mean_separation_vs_matched_random_af_expected
PGS000014,filter_20,CAD,ok,6.8804e+06,5.50432e+06,1.37608e+06,0.8,0.871385,7.47026,96136,500,,,,0.00831006,0.00599912,0.00231095,-0.00599773,0.00123213,1,0.00199601,0.00830868,0.00107881,ancestry_mean_separation_vs_matched_random_af_expected
PGS000014,reweight_linear,CAD,ok,6.8804e+06,6.8804e+06,0,1,0.647437,20.4777,96136,500,,,,0.00831006,0.00831006,0,,-0.00291196,,1,,0.00291196,ancestry_mean_separation_vs_matched_random_af_expected
PGS000014,reweight_exp,CAD,ok,6.8804e+06,6.8804e+06,0,1,0.360608,37.1375,96136,500,,,,0.00831006,0.00831006,0,,-0.00532162,,1,,0.00532162,ancestry_mean_separation_vs_matched_random_af_expected
PGS000014,flag,CAD,ok,6.8804e+06,6.8804e+06,0,1,1,1.56045e-05,96136,500,,,,0.00831006,0.00831006,0,,-1.09687e-08,,0.500998,,1.09687e-08,ancestry_mean_separation_vs_matched_random_af_expected
PGS000014,fst,CAD,ok,6.8804e+06,6.19236e+06,688040,0.9,0.913752,5.00951,96136,500,,,,0.00831006,0.00584955,0.00246051,-0.00584843,0.00174663,1,0.00199601,0.00830894,0.000713876,ancestry_mean_separation_vs_matched_random_af_expected
PGS000014,ld,CAD,ok,6.8804e+06,6.19236e+06,688040,0.9,0.939321,3.52441,96136,500,,,,0.00831006,0.00784296,0.000467107,-0.00784172,-3.88053e-05,1,0.618762,0.00830883,0.000505912,ancestry_mean_separation_vs_matched_random_af_expected
PGS000014,maf,CAD,ok,6.8804e+06,6.19236e+06,688040,0.9,0.780964,12.7221,96136,500,,,,0.00831006,0.00783817,0.000471888,-0.00783685,-0.00133369,1,1,0.00830874,0.00180558,ancestry_mean_separation_vs_matched_random_af_expected
PGS000014,duffy_gate,CAD,ok,6.8804e+06,6.87949e+06,918,0.999867,0.999901,0.00575265,96136,500,,,,0.00831006,0.00831006,0,-7.867e-05,-1.01771e-06,0.922156,0.560878,7.867e-05,1.01771e-06,ancestry_mean_separation_vs_matched_random_af_expected
PGS004840,filter_5,T2D,ok,6.05157e+06,5.74899e+06,302578,0.95,0.957966,10.1458,77727,500,,,,0.0308458,0.0292061,0.00163963,-0.0291991,0.000386211,1,0.391218,0.0308388,0.00125342,ancestry_mean_separation_vs_matched_random_af_expected
PGS004840,filter_10,T2D,ok,6.05157e+06,5.44641e+06,605157,0.9,0.915685,20.3512,77727,500,,,,0.0308458,0.0303023,0.000543496,-0.0302921,-0.00186432,1,0.802395,0.0308356,0.00240781,ancestry_mean_separation_vs_matched_random_af_expected
PGS004840,filter_20,T2D,ok,6.05157e+06,4.84126e+06,1.21031e+06,0.8,0.830468,40.9204,77727,500,,,,0.0308458,0.0204885,0.0103573,-0.0204795,0.00562428,1,0.0239521,0.0308368,0.00473301,ancestry_mean_separation_vs_matched_random_af_expected
PGS004840,reweight_linear,T2D,ok,6.05157e+06,6.05157e+06,0,1,0.619905,91.7445,77727,500,,,,0.0308458,0.0308458,0,,-0.0110241,,0.998004,,0.0110241,ancestry_mean_separation_vs_matched_random_af_expected
PGS004840,reweight_exp,T2D,ok,6.05157e+06,6.05157e+06,0,1,0.332524,161.11,77727,500,,,,0.0308458,0.0308458,0,,-0.0195262,,1,,0.0195262,ancestry_mean_separation_vs_matched_random_af_expected
PGS004840,flag,T2D,ok,6.05157e+06,6.05157e+06,0,1,1,0,77727,500,,,,0.0308458,0.0308458,0,,,,,,,ancestry_mean_separation_vs_matched_random_af_expected
PGS004840,fst,T2D,ok,6.05157e+06,5.44641e+06,605157,0.9,0.883324,28.1623,77727,500,,,,0.0308458,0.0331862,-0.00234049,-0.0331788,-0.00604048,1,0.994012,0.0308383,0.0037,ancestry_mean_separation_vs_matched_random_af_expected
PGS004840,ld,T2D,ok,6.05157e+06,5.44641e+06,605157,0.9,0.946873,12.8234,77727,500,,,,0.0308458,0.0241447,0.00670109,-0.0241359,0.00495954,1,0.00399202,0.030837,0.00174155,ancestry_mean_separation_vs_matched_random_af_expected
PGS004840,maf,T2D,ok,6.05157e+06,5.44641e+06,605157,0.9,0.867733,31.9255,77727,500,,,,0.0308458,0.0290773,0.00176844,-0.0290664,-0.00201981,1,0.772455,0.0308349,0.00378825,ancestry_mean_separation_vs_matched_random_af_expected
PGS004840,duffy_gate,T2D,ok,6.05157e+06,6.05072e+06,851,0.999859,0.999803,0.0476003,77727,500,,,,0.0308458,0.0308458,0,-0.00035393,-4.85593e-06,0.652695,0.502994,0.00035393,4.85593e-06,ancestry_mean_separation_vs_matched_random_af_expected
PGS000191,filter_5,,missing_weights,,,,,,,,,,,,,,,,,,,,,
PGS000191,filter_10,,insufficient_af_overlap,,,,0.901163,0.885728,,10,,,,,,,,,,,,,,
PGS000191,filter_20,,missing_weights,,,,,,,,,,,,,,,,,,,,,
PGS000191,reweight_linear,,missing_weights,,,,,,,,,,,,,,,,,,,,,
PGS000191,reweight_exp,,missing_weights,,,,,,,,,,,,,,,,,,,,,
PGS000191,flag,,missing_weights,,,,,,,,,,,,,,,,,,,,,
PGS000191,fst,,insufficient_af_overlap,,,,0.901163,0.913626,,10,,,,,,,,,,,,,,
PGS000191,ld,,missing_weights,,,,,,,,,,,,,,,,,,,,,
PGS000191,maf,,insufficient_af_overlap,,,,0.901163,0.796654,,10,,,,,,,,,,,,,,
PGS000191,duffy_gate,,insufficient_af_overlap,,,,0.994186,0.983142,,10,,,,,,,,,,,,,,
PGS004133,filter_5,,missing_weights,,,,,,,,,,,,,,,,,,,,,
PGS004133,filter_10,,insufficient_af_overlap,,,,0.901316,0.884688,,5,,,,,,,,,,,,,,
PGS004133,filter_20,,missing_weights,,,,,,,,,,,,,,,,,,,,,
PGS004133,reweight_linear,,missing_weights,,,,,,,,,,,,,,,,,,,,,
PGS004133,reweight_exp,,missing_weights,,,,,,,,,,,,,,,,,,,,,
PGS004133,flag,,missing_weights,,,,,,,,,,,,,,,,,,,,,
PGS004133,fst,,insufficient_af_overlap,,,,0.901316,0.894361,,5,,,,,,,,,,,,,,
PGS004133,ld,,missing_weights,,,,,,,,,,,,,,,,,,,,,
PGS004133,maf,,insufficient_af_overlap,,,,0.901316,0.814741,,5,,,,,,,,,,,,,,
PGS004133,duffy_gate,,insufficient_af_overlap,,,,1,1,,5,,,,,,,,,,,,,,
PGS001288,filter_5,,missing_weights,,,,,,,,,,,,,,,,,,,,,
PGS001288,filter_10,,insufficient_af_overlap,,,,0.90184,0.798102,,4,,,,,,,,,,,,,,
PGS001288,filter_20,,missing_weights,,,,,,,,,,,,,,,,,,,,,
PGS001288,reweight_linear,,missing_weights,,,,,,,,,,,,,,,,,,,,,
PGS001288,reweight_exp,,missing_weights,,,,,,,,,,,,,,,,,,,,,
PGS001288,flag,,missing_weights,,,,,,,,,,,,,,,,,,,,,
PGS001288,fst,,insufficient_af_overlap,,,,0.90184,0.910708,,4,,,,,,,,,,,,,,
PGS001288,ld,,missing_weights,,,,,,,,,,,,,,,,,,,,,
PGS001288,maf,,insufficient_af_overlap,,,,0.90184,0.809427,,4,,,,,,,,,,,,,,
PGS001288,duffy_gate,,insufficient_af_overlap,,,,1,1,,4,,,,,,,,,,,,,,
